campaign_id,campaign_date,campaign_topic,customer_segment,audience_size,target_description,control_group_size,sent,opens,clicks,conversions,open_rate,click_rate,open_to_click_rate,conversion_rate
1,2024-06-16,Holiday Sales Event,Seniors 55+,153880,Seniors 55+,8781,145099,42089,13033,6537,29.01,8.98,30.97,4.51
2,2024-06-30,Clearance Sale,General Audience,78541,General Audience,5015,73526,15970,2569,5085,21.72,3.49,16.09,6.92
3,2025-07-30,Fitness Gear Promo,Environment Advocates,141011,Environment Advocates,13036,127975,20823,8516,4552,16.27,6.65,40.9,3.56
4,2025-04-04,Brand Awareness,Frequent Buyers 35-50,155357,Frequent Buyers 35-50,11348,144009,42442,12462,7845,29.47,8.65,29.36,5.45
5,2025-05-27,School Supplies Promo,Environment Advocates,136582,Environment Advocates,13162,123420,33951,9009,5460,27.51,7.3,26.54,4.42
6,2024-12-15,Fitness Gear Promo,Women 25-34,93968,Women 25-34,6409,87559,17903,9174,4419,20.45,10.48,51.24,5.05
7,2024-04-28,Brand Awareness,Seniors 55+,189286,Seniors 55+,13143,176143,33595,21119,11747,19.07,11.99,62.86,6.67
8,2024-09-13,Brand Awareness,Frequent Buyers 35-50,96273,Frequent Buyers 35-50,5635,90638,19319,3155,1234,21.31,3.48,16.33,1.36
9,2025-04-05,School Supplies Promo,Women 25-34,63695,Women 25-34,5975,57720,16742,3087,629,29.01,5.35,18.44,1.09
10,2025-03-07,Major Shopping Event,Shopaholics 25-44,106741,Shopaholics 25-44,8574,98167,23052,8963,3535,23.48,9.13,38.88,3.6
11,2024-09-13,New Product Launch,Women 25-34,193852,Women 25-34,14716,179136,38106,14102,6706,21.27,7.87,37.01,3.74
12,2024-06-16,Holiday Sales Event,Tech Enthusiasts 18-45,51667,Tech Enthusiasts 18-45,3679,47988,8122,2547,3070,16.93,5.31,31.36,6.4
13,2024-05-16,Clearance Sale,Fitness Enthusiasts 18-40,177076,Fitness Enthusiasts 18-40,16035,161041,25535,12286,8955,15.86,7.63,48.11,5.56
14,2025-06-30,Major Shopping Event,Environment Advocates,62307,Environment Advocates,4929,57378,17041,4374,1332,29.7,7.62,25.67,2.32
15,2025-05-02,Holiday Follow Up,Tech Enthusiasts 18-45,164955,Tech Enthusiasts 18-45,10576,154379,36490,18056,4952,23.64,11.7,49.48,3.21
16,2025-01-01,Loyalty Program,Parents 30-50,146892,Parents 30-50,12641,134251,40258,4595,3272,29.99,3.42,11.41,2.44
17,2025-04-05,School Supplies Promo,General Audience,130042,General Audience,6958,123084,23155,9445,3165,18.81,7.67,40.79,2.57
18,2025-07-04,Seasonal Discount,Parents 30-50,146289,Parents 30-50,8020,138269,33151,12041,5915,23.98,8.71,36.32,4.28
19,2024-03-26,Sustainability Product Launch,Young Adults 20-30,128063,Young Adults 20-30,10919,117144,33603,6363,1084,28.69,5.43,18.94,0.93
20,2024-04-30,Loyalty Program,General Audience,59528,General Audience,5013,54515,11201,3301,710,20.55,6.06,29.47,1.3
21,2025-03-05,Holiday Sales Event,Fitness Enthusiasts 18-40,194361,Fitness Enthusiasts 18-40,19390,174971,27320,13459,3947,15.61,7.69,49.26,2.26
22,2024-12-05,Sustainability Product Launch,Women 25-34,89490,Women 25-34,4482,85008,22401,4814,1379,26.35,5.66,21.49,1.62
23,2025-02-21,New Product Launch,Parents 30-50,72200,Parents 30-50,5231,66969,16500,5500,3380,24.64,8.21,33.33,5.05
24,2024-02-19,Loyalty Program,Shopaholics 25-44,90375,Shopaholics 25-44,8150,82225,21697,3584,3849,26.39,4.36,16.52,4.68
25,2024-04-29,Major Shopping Event,Environment Advocates,73513,Environment Advocates,7054,66459,14312,5146,2272,21.54,7.74,35.96,3.42
26,2024-09-06,School Supplies Promo,Environment Advocates,183859,Environment Advocates,17186,166673,40064,9609,2985,24.04,5.77,23.98,1.79
27,2025-06-10,School Supplies Promo,Previous Customers,156206,Previous Customers,13776,142430,23504,16377,2977,16.5,11.5,69.68,2.09
28,2024-02-28,Sustainability Product Launch,Environment Advocates,163385,Environment Advocates,10353,153032,42889,8782,4736,28.03,5.74,20.48,3.09
29,2024-11-01,Clearance Sale,Shopaholics 25-44,195845,Shopaholics 25-44,15840,180005,43248,14190,9604,24.03,7.88,32.81,5.34
30,2024-07-30,Loyalty Program,Fitness Enthusiasts 18-40,84520,Fitness Enthusiasts 18-40,5091,79429,13030,7865,594,16.41,9.9,60.36,0.75
31,2024-09-18,Sustainability Product Launch,Young Professionals 25-40,59741,Young Professionals 25-40,5519,54222,9855,5758,2316,18.18,10.62,58.43,4.27
32,2025-01-05,Major Shopping Event,Fitness Enthusiasts 18-40,149495,Fitness Enthusiasts 18-40,7813,141682,28955,15208,3298,20.44,10.73,52.52,2.33
33,2024-08-05,Fitness Gear Promo,General Audience,188373,General Audience,14509,173864,36457,18091,9886,20.97,10.41,49.62,5.69
34,2025-05-23,Fitness Gear Promo,General Audience,179703,General Audience,11501,168202,40341,9739,905,23.98,5.79,24.14,0.54
35,2025-04-14,Holiday Sales Event,Young Adults 20-30,92401,Young Adults 20-30,5359,87042,23087,2996,1639,26.53,3.44,12.98,1.88
36,2024-11-20,New Product Launch,Previous Customers,68314,Previous Customers,3592,64722,9739,6994,1709,15.05,10.81,71.81,2.64
37,2025-01-23,Holiday Sales Event,Parents 30-50,94815,Parents 30-50,8036,86779,13019,2983,5465,15.0,3.44,22.91,6.3
38,2025-02-21,Loyalty Program,Women 25-34,195803,Women 25-34,18996,176807,37165,18302,7729,21.02,10.35,49.25,4.37
39,2024-02-05,Holiday Follow Up,Young Adults 20-30,194677,Young Adults 20-30,10681,183996,51854,19677,7846,28.18,10.69,37.95,4.26
40,2025-03-15,Fitness Gear Promo,Frequent Buyers 35-50,105864,Frequent Buyers 35-50,9449,96415,19263,3725,3252,19.98,3.86,19.34,3.37
41,2024-08-16,Loyalty Program,Shopaholics 25-44,76995,Shopaholics 25-44,7451,69544,17641,4122,4142,25.37,5.93,23.37,5.96
42,2025-02-28,Clearance Sale,Fitness Enthusiasts 18-40,101776,Fitness Enthusiasts 18-40,9903,91873,16345,5409,1661,17.79,5.89,33.09,1.81
43,2024-03-09,Loyalty Program,Seniors 55+,84777,Seniors 55+,6395,78382,14520,5599,5070,18.53,7.14,38.56,6.47
44,2024-12-04,School Supplies Promo,Shopaholics 25-44,106109,Shopaholics 25-44,7827,98282,28026,7454,6502,28.52,7.58,26.6,6.62
45,2024-08-22,Fitness Gear Promo,Frequent Buyers 35-50,61766,Frequent Buyers 35-50,4642,57124,11267,6072,2675,19.72,10.63,53.89,4.68
46,2024-09-03,School Supplies Promo,Women 25-34,143811,Women 25-34,13343,130468,37318,8952,7410,28.6,6.86,23.99,5.68
47,2024-04-21,Major Shopping Event,Women 25-34,174179,Women 25-34,11820,162359,46654,18314,4541,28.74,11.28,39.25,2.8
48,2024-08-09,Beta Testing Launch,Fitness Enthusiasts 18-40,110751,Fitness Enthusiasts 18-40,6346,104405,21068,10011,3266,20.18,9.59,47.52,3.13
49,2025-01-02,Clearance Sale,Young Adults 20-30,73834,Young Adults 20-30,4476,69358,10663,3535,572,15.37,5.1,33.15,0.83
50,2025-03-04,Sustainability Product Launch,Young Professionals 25-40,186270,Young Professionals 25-40,12443,173827,39751,9741,7506,22.87,5.6,24.51,4.32
51,2024-12-13,Clearance Sale,Previous Customers,105338,Previous Customers,7833,97505,25964,4680,5377,26.63,4.8,18.02,5.51
52,2025-04-24,Seasonal Discount,Previous Customers,180538,Previous Customers,15181,165357,27528,19107,6941,16.65,11.56,69.41,4.2
53,2024-09-30,Clearance Sale,Fitness Enthusiasts 18-40,114995,Fitness Enthusiasts 18-40,6448,108547,17319,3655,7106,15.96,3.37,21.1,6.55
54,2024-07-07,Loyalty Program,Frequent Buyers 35-50,193516,Frequent Buyers 35-50,17867,175649,43048,13461,8420,24.51,7.66,31.27,4.79
55,2024-03-11,New Product Launch,Young Professionals 25-40,83059,Young Professionals 25-40,6069,76990,15185,7720,4422,19.72,10.03,50.84,5.74
56,2024-06-14,Holiday Follow Up,Fitness Enthusiasts 18-40,117540,Fitness Enthusiasts 18-40,10083,107457,25874,11372,5642,24.08,10.58,43.95,5.25
57,2024-11-30,Loyalty Program,Environment Advocates,116184,Environment Advocates,7638,108546,27054,5886,7069,24.92,5.42,21.76,6.51
58,2024-10-24,Brand Awareness,Women 25-34,117065,Women 25-34,8045,109020,16935,3746,6931,15.53,3.44,22.12,6.36
59,2024-05-04,Clearance Sale,Young Adults 20-30,92217,Young Adults 20-30,4875,87342,24454,4434,5549,28.0,5.08,18.13,6.35
60,2024-04-06,Clearance Sale,Fitness Enthusiasts 18-40,70581,Fitness Enthusiasts 18-40,6224,64357,16805,4375,4172,26.11,6.8,26.03,6.48
61,2025-03-29,Holiday Follow Up,Seniors 55+,141565,Seniors 55+,11207,130358,37372,9000,8668,28.67,6.9,24.08,6.65
62,2024-08-29,Beta Testing Launch,Women 25-34,194747,Women 25-34,15669,179078,28018,19264,1782,15.65,10.76,68.76,1.0
63,2024-08-30,New Product Launch,General Audience,73496,General Audience,4603,68893,15770,6259,3602,22.89,9.09,39.69,5.23
64,2025-04-08,Beta Testing Launch,Seniors 55+,64558,Seniors 55+,4903,59655,16901,5187,1409,28.33,8.7,30.69,2.36
65,2025-02-17,Clearance Sale,Shopaholics 25-44,93589,Shopaholics 25-44,9052,84537,21202,7256,3821,25.08,8.58,34.22,4.52
66,2025-01-03,Beta Testing Launch,Seniors 55+,56936,Seniors 55+,4033,52903,10095,6179,348,19.08,11.68,61.21,0.66
67,2024-02-08,School Supplies Promo,Fitness Enthusiasts 18-40,157687,Fitness Enthusiasts 18-40,14348,143339,30715,16878,7776,21.43,11.78,54.95,5.43
68,2024-11-18,Clearance Sale,Frequent Buyers 35-50,156855,Frequent Buyers 35-50,9915,146940,27514,16573,2974,18.73,11.28,60.23,2.02
69,2025-01-08,Holiday Sales Event,General Audience,110657,General Audience,8995,101662,22580,5714,1684,22.21,5.62,25.31,1.66
70,2025-05-02,Clearance Sale,Parents 30-50,64363,Parents 30-50,4671,59692,14295,7038,3126,23.95,11.79,49.23,5.24
71,2024-02-06,Fitness Gear Promo,Seniors 55+,158683,Seniors 55+,13687,144996,30137,8039,8166,20.78,5.54,26.67,5.63
72,2025-06-22,Seasonal Discount,Fitness Enthusiasts 18-40,149884,Fitness Enthusiasts 18-40,10333,139551,24171,14912,1003,17.32,10.69,61.69,0.72
73,2024-03-05,Holiday Follow Up,Frequent Buyers 35-50,70111,Frequent Buyers 35-50,5111,65000,14962,5886,3788,23.02,9.06,39.34,5.83
74,2024-12-11,Beta Testing Launch,Previous Customers,144539,Previous Customers,12536,132003,34912,15046,4195,26.45,11.4,43.1,3.18
75,2025-01-20,Major Shopping Event,Parents 30-50,62125,Parents 30-50,5863,56262,16048,5152,3836,28.53,9.16,32.1,6.82
76,2025-01-25,Clearance Sale,Previous Customers,61464,Previous Customers,5578,55886,16212,6137,1707,29.01,10.98,37.85,3.05
77,2025-06-16,Loyalty Program,Previous Customers,102972,Previous Customers,9113,93859,16114,10729,5876,17.17,11.43,66.58,6.26
78,2025-01-10,New Product Launch,Shopaholics 25-44,186872,Shopaholics 25-44,10550,176322,41243,6386,6258,23.39,3.62,15.48,3.55
79,2024-06-19,Beta Testing Launch,Parents 30-50,130709,Parents 30-50,9659,121050,23587,10948,6001,19.49,9.04,46.42,4.96
80,2024-10-06,Fitness Gear Promo,General Audience,127742,General Audience,10387,117355,21632,9758,6936,18.43,8.32,45.11,5.91
81,2025-04-06,Sustainability Product Launch,Fitness Enthusiasts 18-40,62722,Fitness Enthusiasts 18-40,4421,58301,13003,4005,1836,22.3,6.87,30.8,3.15
82,2024-12-18,Fitness Gear Promo,Shopaholics 25-44,177741,Shopaholics 25-44,13299,164442,39264,17840,4024,23.88,10.85,45.44,2.45
83,2024-02-24,Holiday Follow Up,Previous Customers,188223,Previous Customers,12944,175279,41051,15530,6953,23.42,8.86,37.83,3.97
84,2024-06-18,Beta Testing Launch,Seniors 55+,195830,Seniors 55+,15830,180000,46116,12823,9065,25.62,7.12,27.81,5.04
85,2025-06-23,Beta Testing Launch,Fitness Enthusiasts 18-40,113233,Fitness Enthusiasts 18-40,7124,106109,31593,11476,4417,29.77,10.82,36.32,4.16
86,2024-02-17,Holiday Sales Event,Women 25-34,59995,Women 25-34,3658,56337,11245,1826,1371,19.96,3.24,16.24,2.43
87,2024-06-21,Fitness Gear Promo,Previous Customers,157370,Previous Customers,13480,143890,38573,6104,2707,26.81,4.24,15.82,1.88
88,2024-04-28,Holiday Sales Event,Young Adults 20-30,95549,Young Adults 20-30,8521,87028,19511,6944,1005,22.42,7.98,35.59,1.16
89,2024-09-13,Holiday Sales Event,Frequent Buyers 35-50,173492,Frequent Buyers 35-50,13920,159572,28327,19128,7457,17.75,11.99,67.53,4.67
90,2024-05-21,New Product Launch,Previous Customers,89994,Previous Customers,6798,83196,21956,2515,2724,26.39,3.02,11.45,3.27
91,2025-06-19,Major Shopping Event,Parents 30-50,72247,Parents 30-50,5616,66631,12191,4582,2483,18.3,6.88,37.59,3.73
92,2024-03-18,Clearance Sale,Women 25-34,130909,Women 25-34,11520,119389,33901,9176,4203,28.4,7.69,27.07,3.52
93,2024-03-31,Holiday Follow Up,Previous Customers,56740,Previous Customers,3463,53277,10127,3219,3135,19.01,6.04,31.79,5.89
94,2024-03-31,Holiday Follow Up,Women 25-34,91633,Women 25-34,4811,86822,18742,6548,5755,21.59,7.54,34.94,6.63
95,2025-04-17,School Supplies Promo,Previous Customers,115695,Previous Customers,7509,108186,21190,9750,7086,19.59,9.01,46.01,6.55
96,2025-01-15,Loyalty Program,Young Professionals 25-40,109057,Young Professionals 25-40,9036,100021,16357,4032,4632,16.35,4.03,24.65,4.63
97,2025-07-15,Holiday Sales Event,General Audience,163790,General Audience,10356,153434,24837,12818,7211,16.19,8.35,51.61,4.7
98,2024-03-06,Brand Awareness,Previous Customers,62119,Previous Customers,4536,57583,12089,3177,724,21.0,5.52,26.28,1.26
99,2025-01-24,Beta Testing Launch,Seniors 55+,130209,Seniors 55+,7248,122961,24156,7714,8109,19.65,6.27,31.93,6.6
100,2025-04-28,New Product Launch,Young Professionals 25-40,179287,Young Professionals 25-40,17851,161436,24547,10476,7734,15.21,6.49,42.68,4.79
101,2025-02-03,School Supplies Promo,Previous Customers,170987,Previous Customers,12772,158215,38151,17176,9915,24.11,10.86,45.02,6.27
102,2025-02-24,Holiday Follow Up,Seniors 55+,144745,Seniors 55+,14025,130720,36209,5134,9010,27.7,3.93,14.18,6.89
103,2025-02-23,New Product Launch,Previous Customers,172105,Previous Customers,12926,159179,25596,14085,6255,16.08,8.85,55.03,3.93
104,2024-04-30,New Product Launch,Previous Customers,82419,Previous Customers,6098,76321,14151,8916,3121,18.54,11.68,63.01,4.09
105,2024-06-14,Brand Awareness,Frequent Buyers 35-50,87113,Frequent Buyers 35-50,5403,81710,17049,5487,4656,20.87,6.72,32.18,5.7
106,2024-08-21,Holiday Follow Up,General Audience,61097,General Audience,6083,55014,11263,3766,2876,20.47,6.85,33.44,5.23
107,2024-07-13,New Product Launch,Young Adults 20-30,84516,Young Adults 20-30,6433,78083,21329,5647,2297,27.32,7.23,26.48,2.94
108,2024-02-26,Holiday Sales Event,Young Professionals 25-40,140263,Young Professionals 25-40,9138,131125,29899,11943,7626,22.8,9.11,39.94,5.82
109,2024-02-24,Fitness Gear Promo,Environment Advocates,195602,Environment Advocates,10684,184918,33243,20271,2307,17.98,10.96,60.98,1.25
110,2024-10-18,Clearance Sale,Young Professionals 25-40,70031,Young Professionals 25-40,6357,63674,10670,4184,1189,16.76,6.57,39.21,1.87
111,2024-09-07,Fitness Gear Promo,Environment Advocates,85832,Environment Advocates,8477,77355,18777,2536,4676,24.27,3.28,13.51,6.05
112,2024-06-17,Sustainability Product Launch,Young Professionals 25-40,84072,Young Professionals 25-40,8304,75768,13571,8324,669,17.91,10.99,61.34,0.88
113,2025-06-08,Fitness Gear Promo,Tech Enthusiasts 18-45,118478,Tech Enthusiasts 18-45,9766,108712,25196,4665,946,23.18,4.29,18.51,0.87
114,2024-06-02,Seasonal Discount,Frequent Buyers 35-50,114244,Frequent Buyers 35-50,7537,106707,28261,3534,5601,26.48,3.31,12.5,5.25
115,2024-06-07,Clearance Sale,Young Professionals 25-40,106165,Young Professionals 25-40,8260,97905,17148,8518,5906,17.52,8.7,49.67,6.03
116,2024-10-17,School Supplies Promo,Parents 30-50,165035,Parents 30-50,13200,151835,32788,14772,8207,21.59,9.73,45.05,5.41
117,2024-07-31,Brand Awareness,Frequent Buyers 35-50,165752,Frequent Buyers 35-50,15659,150093,32993,7797,3410,21.98,5.19,23.63,2.27
118,2024-10-22,Beta Testing Launch,Fitness Enthusiasts 18-40,114309,Fitness Enthusiasts 18-40,9628,104681,18348,3953,3153,17.53,3.78,21.54,3.01
119,2024-04-01,Holiday Sales Event,Environment Advocates,106485,Environment Advocates,6800,99685,18057,7093,6534,18.11,7.12,39.28,6.55
120,2025-02-01,Clearance Sale,Tech Enthusiasts 18-45,55243,Tech Enthusiasts 18-45,4894,50349,14199,4084,1883,28.2,8.11,28.76,3.74
121,2024-02-08,Major Shopping Event,Frequent Buyers 35-50,142516,Frequent Buyers 35-50,7347,135169,22560,8661,7259,16.69,6.41,38.39,5.37
122,2024-07-28,New Product Launch,Previous Customers,182754,Previous Customers,14467,168287,41228,6416,1564,24.5,3.81,15.56,0.93
123,2025-02-24,Major Shopping Event,Previous Customers,166656,Previous Customers,13055,153601,44360,16409,6336,28.88,10.68,36.99,4.13
124,2025-06-27,Holiday Follow Up,Fitness Enthusiasts 18-40,92572,Fitness Enthusiasts 18-40,6917,85655,14133,8689,4078,16.5,10.15,61.48,4.76
125,2024-04-17,New Product Launch,Young Adults 20-30,135329,Young Adults 20-30,11080,124249,35709,12059,8547,28.74,9.71,33.77,6.88
126,2025-05-19,Holiday Follow Up,Parents 30-50,93075,Parents 30-50,6312,86763,19981,4238,2053,23.03,4.89,21.21,2.37
127,2025-04-29,Holiday Sales Event,Women 25-34,171098,Women 25-34,9000,162098,28453,16216,4928,17.55,10.0,56.99,3.04
128,2024-07-15,Clearance Sale,Shopaholics 25-44,65733,Shopaholics 25-44,4062,61671,15660,4751,4135,25.39,7.71,30.34,6.71
129,2024-12-17,Loyalty Program,Young Adults 20-30,137677,Young Adults 20-30,9262,128415,36375,14505,5969,28.33,11.3,39.88,4.65
130,2025-03-04,Brand Awareness,Women 25-34,104166,Women 25-34,8257,95909,19668,3750,5959,20.51,3.91,19.07,6.21
131,2025-05-01,New Product Launch,Environment Advocates,126731,Environment Advocates,11728,115003,19020,11664,5085,16.54,10.14,61.32,4.42
132,2024-04-12,Holiday Sales Event,Shopaholics 25-44,132686,Shopaholics 25-44,11929,120757,34692,11334,4481,28.73,9.39,32.67,3.71
133,2024-11-28,Holiday Follow Up,Previous Customers,118039,Previous Customers,5976,112063,25478,10227,6378,22.74,9.13,40.14,5.69
134,2024-04-05,Beta Testing Launch,General Audience,135401,General Audience,10449,124952,34760,11339,7180,27.82,9.07,32.62,5.75
135,2025-01-09,Seasonal Discount,Environment Advocates,55804,Environment Advocates,5337,50467,7731,4229,1072,15.32,8.38,54.7,2.12
136,2024-07-16,Seasonal Discount,General Audience,144794,General Audience,11784,133010,34910,6713,9278,26.25,5.05,19.23,6.98
137,2024-12-22,Holiday Sales Event,Shopaholics 25-44,197360,Shopaholics 25-44,19426,177934,40018,15103,11718,22.49,8.49,37.74,6.59
138,2025-05-05,Loyalty Program,General Audience,77135,General Audience,6515,70620,17500,2428,3722,24.78,3.44,13.87,5.27
139,2025-07-12,Beta Testing Launch,Women 25-34,165359,Women 25-34,10668,154691,27547,17022,8298,17.81,11.0,61.79,5.36
140,2024-08-08,Beta Testing Launch,Previous Customers,103940,Previous Customers,5793,98147,21432,11110,545,21.84,11.32,51.84,0.56
141,2025-03-13,Sustainability Product Launch,Environment Advocates,95578,Environment Advocates,9246,86332,22865,9994,5986,26.49,11.58,43.71,6.93
142,2024-04-03,Holiday Follow Up,Young Adults 20-30,57468,Young Adults 20-30,4814,52654,8052,5766,459,15.29,10.95,71.61,0.87
143,2024-04-03,Sustainability Product Launch,Parents 30-50,199031,Parents 30-50,14100,184931,28067,6026,4862,15.18,3.26,21.47,2.63
144,2024-12-12,Major Shopping Event,Seniors 55+,199671,Seniors 55+,17738,181933,46273,6432,6927,25.43,3.54,13.9,3.81
145,2024-07-30,Major Shopping Event,Young Professionals 25-40,139986,Young Professionals 25-40,7757,132229,27691,8897,4506,20.94,6.73,32.13,3.41
146,2024-10-20,New Product Launch,Fitness Enthusiasts 18-40,83119,Fitness Enthusiasts 18-40,6552,76567,13059,2909,2954,17.06,3.8,22.28,3.86
147,2024-08-03,Holiday Sales Event,Women 25-34,185557,Women 25-34,14776,170781,42213,15868,3911,24.72,9.29,37.59,2.29
148,2024-09-07,Brand Awareness,Seniors 55+,128393,Seniors 55+,8663,119730,18118,10864,6009,15.13,9.07,59.96,5.02
149,2024-04-23,Fitness Gear Promo,Environment Advocates,104906,Environment Advocates,8824,96082,23891,7064,5720,24.87,7.35,29.57,5.95
150,2025-06-21,Seasonal Discount,Frequent Buyers 35-50,51090,Frequent Buyers 35-50,4102,46988,11207,3259,2693,23.85,6.94,29.08,5.73
151,2025-03-10,Sustainability Product Launch,Parents 30-50,184973,Parents 30-50,9653,175320,34847,19691,10491,19.88,11.23,56.51,5.98
152,2024-05-06,School Supplies Promo,Previous Customers,199691,Previous Customers,10949,188742,49608,21575,6429,26.28,11.43,43.49,3.41
153,2024-05-07,Beta Testing Launch,Tech Enthusiasts 18-45,94158,Tech Enthusiasts 18-45,7377,86781,13857,8870,3573,15.97,10.22,64.01,4.12
154,2024-09-25,Seasonal Discount,Shopaholics 25-44,77823,Shopaholics 25-44,6060,71763,20094,5044,2886,28.0,7.03,25.1,4.02
155,2024-02-28,Beta Testing Launch,Shopaholics 25-44,136757,Shopaholics 25-44,8226,128531,26823,13831,7768,20.87,10.76,51.56,6.04
156,2025-01-08,Holiday Sales Event,Tech Enthusiasts 18-45,113162,Tech Enthusiasts 18-45,8160,105002,21250,10214,926,20.24,9.73,48.07,0.88
157,2024-05-12,Holiday Follow Up,Tech Enthusiasts 18-45,73875,Tech Enthusiasts 18-45,4596,69279,10914,3412,942,15.75,4.93,31.26,1.36
158,2025-01-05,Brand Awareness,Shopaholics 25-44,148437,Shopaholics 25-44,14834,133603,28408,9777,7656,21.26,7.32,34.42,5.73
159,2025-01-14,Major Shopping Event,Women 25-34,181471,Women 25-34,12441,169030,44550,19081,4756,26.36,11.29,42.83,2.81
160,2024-02-24,Clearance Sale,Seniors 55+,188188,Seniors 55+,15375,172813,27483,6397,8732,15.9,3.7,23.28,5.05
161,2025-02-08,New Product Launch,Shopaholics 25-44,90428,Shopaholics 25-44,6137,84291,21839,2718,2343,25.91,3.23,12.45,2.78
162,2024-11-25,Clearance Sale,Young Adults 20-30,167575,Young Adults 20-30,9612,157963,44407,6196,1092,28.11,3.92,13.95,0.69
163,2025-07-31,Clearance Sale,Environment Advocates,142363,Environment Advocates,8255,134108,38727,13951,7755,28.88,10.4,36.02,5.78
164,2024-07-02,Loyalty Program,Fitness Enthusiasts 18-40,75766,Fitness Enthusiasts 18-40,6600,69166,19771,7916,2678,28.59,11.45,40.04,3.87
165,2024-10-04,Brand Awareness,Women 25-34,144975,Women 25-34,9859,135116,32905,12154,6578,24.35,9.0,36.94,4.87
166,2025-04-01,Clearance Sale,Young Adults 20-30,153020,Young Adults 20-30,11475,141545,28865,5997,8179,20.39,4.24,20.78,5.78
167,2025-03-10,Seasonal Discount,Previous Customers,122447,Previous Customers,10785,111662,31513,10484,2794,28.22,9.39,33.27,2.5
168,2025-04-28,School Supplies Promo,Young Adults 20-30,168179,Young Adults 20-30,12190,155989,35725,7506,2073,22.9,4.81,21.01,1.33
169,2024-11-20,Seasonal Discount,Young Professionals 25-40,72064,Young Professionals 25-40,4391,67673,16879,7855,2695,24.94,11.61,46.54,3.98
170,2025-07-25,Sustainability Product Launch,Frequent Buyers 35-50,137881,Frequent Buyers 35-50,12948,124933,29552,6228,2718,23.65,4.99,21.07,2.18
171,2024-10-13,Sustainability Product Launch,Fitness Enthusiasts 18-40,130690,Fitness Enthusiasts 18-40,9864,120826,26483,10838,5923,21.92,8.97,40.92,4.9
172,2025-03-03,Fitness Gear Promo,Environment Advocates,84699,Environment Advocates,5002,79697,20069,7716,3570,25.18,9.68,38.45,4.48
173,2024-09-01,Sustainability Product Launch,Shopaholics 25-44,56597,Shopaholics 25-44,4469,52128,13107,3537,296,25.14,6.79,26.99,0.57
174,2025-04-28,Clearance Sale,Previous Customers,110957,Previous Customers,9063,101894,23581,7044,2504,23.14,6.91,29.87,2.46
175,2025-01-24,Major Shopping Event,Seniors 55+,70899,Seniors 55+,3936,66963,14198,7273,2521,21.2,10.86,51.23,3.77
176,2024-12-09,Fitness Gear Promo,Young Professionals 25-40,185222,Young Professionals 25-40,15227,169995,42894,6500,3543,25.23,3.82,15.15,2.08
177,2024-10-05,Beta Testing Launch,Frequent Buyers 35-50,130161,Frequent Buyers 35-50,8149,122012,30397,14544,992,24.91,11.92,47.85,0.81
178,2025-03-21,Loyalty Program,Young Professionals 25-40,196658,Young Professionals 25-40,17634,179024,38759,9595,8108,21.65,5.36,24.76,4.53
179,2025-01-18,New Product Launch,Environment Advocates,82178,Environment Advocates,5128,77050,20000,3702,1258,25.96,4.81,18.51,1.63
180,2025-06-01,Brand Awareness,Women 25-34,94367,Women 25-34,8344,86023,21695,9167,5423,25.22,10.66,42.25,6.3
181,2025-01-01,Loyalty Program,Fitness Enthusiasts 18-40,75581,Fitness Enthusiasts 18-40,5658,69923,16145,3796,3965,23.09,5.43,23.51,5.67
182,2024-02-18,Holiday Follow Up,Parents 30-50,88708,Parents 30-50,7363,81345,14905,4586,4011,18.32,5.64,30.77,4.93
183,2025-04-02,Clearance Sale,Shopaholics 25-44,102085,Shopaholics 25-44,9109,92976,21210,9729,4912,22.81,10.46,45.87,5.28
184,2025-02-02,Holiday Sales Event,Shopaholics 25-44,147060,Shopaholics 25-44,11463,135597,25000,14979,1556,18.44,11.05,59.92,1.15
185,2024-09-11,Fitness Gear Promo,Young Professionals 25-40,101962,Young Professionals 25-40,8759,93203,19342,9248,1396,20.75,9.92,47.81,1.5
186,2024-10-31,New Product Launch,Young Adults 20-30,176855,Young Adults 20-30,16777,160078,33336,6728,1419,20.83,4.2,20.18,0.89
187,2024-03-14,Beta Testing Launch,Frequent Buyers 35-50,184623,Frequent Buyers 35-50,11632,172991,50586,7345,11424,29.24,4.25,14.52,6.6
188,2024-07-04,Major Shopping Event,Shopaholics 25-44,67023,Shopaholics 25-44,5664,61359,15643,4037,4284,25.49,6.58,25.81,6.98
189,2024-08-21,Major Shopping Event,Previous Customers,78279,Previous Customers,4033,74246,21727,6729,1270,29.26,9.06,30.97,1.71
190,2025-04-18,School Supplies Promo,Environment Advocates,154710,Environment Advocates,12543,142167,38962,4604,9307,27.41,3.24,11.82,6.55
191,2024-12-17,Fitness Gear Promo,Environment Advocates,132190,Environment Advocates,10828,121362,19059,4188,3677,15.7,3.45,21.97,3.03
192,2025-06-15,Clearance Sale,Environment Advocates,119546,Environment Advocates,10607,108939,27573,4538,2577,25.31,4.17,16.46,2.37
193,2024-07-10,Seasonal Discount,Environment Advocates,155653,Environment Advocates,10525,145128,22733,7201,4627,15.66,4.96,31.68,3.19
194,2024-03-27,Fitness Gear Promo,Previous Customers,123621,Previous Customers,12298,111323,19691,4901,7769,17.69,4.4,24.89,6.98
195,2024-10-19,Loyalty Program,Parents 30-50,151465,Parents 30-50,10931,140534,21201,15624,6293,15.09,11.12,73.69,4.48
196,2024-06-02,Beta Testing Launch,Young Professionals 25-40,118466,Young Professionals 25-40,10715,107751,28615,10179,3155,26.56,9.45,35.57,2.93
197,2024-03-18,School Supplies Promo,Women 25-34,77385,Women 25-34,5896,71489,11655,7063,1112,16.3,9.88,60.6,1.56
198,2024-02-11,Brand Awareness,Shopaholics 25-44,179009,Shopaholics 25-44,13820,165189,40250,15539,6711,24.37,9.41,38.61,4.06
199,2024-05-10,Holiday Follow Up,Fitness Enthusiasts 18-40,188892,Fitness Enthusiasts 18-40,15065,173827,27585,16956,4996,15.87,9.75,61.47,2.87
200,2025-04-07,School Supplies Promo,Environment Advocates,189083,Environment Advocates,15930,173153,50565,6363,8658,29.2,3.68,12.58,5.0
201,2024-08-18,Sustainability Product Launch,Environment Advocates,162771,Environment Advocates,13790,148981,29851,12237,4304,20.04,8.21,40.99,2.89
202,2024-11-24,Fitness Gear Promo,Fitness Enthusiasts 18-40,186787,Fitness Enthusiasts 18-40,15352,171435,30240,6143,2779,17.64,3.58,20.31,1.62
203,2024-06-07,Major Shopping Event,Young Professionals 25-40,56950,Young Professionals 25-40,4633,52317,12837,4642,1764,24.54,8.87,36.16,3.37
204,2025-05-07,Clearance Sale,Women 25-34,107778,Women 25-34,7258,100520,23164,5178,1967,23.04,5.15,22.35,1.96
205,2025-07-14,Holiday Sales Event,Previous Customers,129083,Previous Customers,8040,121043,20728,11674,8143,17.12,9.64,56.32,6.73
206,2024-07-11,Seasonal Discount,Tech Enthusiasts 18-45,130162,Tech Enthusiasts 18-45,11370,118792,27777,14198,6304,23.38,11.95,51.11,5.31
207,2025-05-20,Sustainability Product Launch,Frequent Buyers 35-50,116106,Frequent Buyers 35-50,9175,106931,16431,5760,3833,15.37,5.39,35.06,3.59
208,2024-07-16,Holiday Sales Event,Young Professionals 25-40,159711,Young Professionals 25-40,15136,144575,28054,8310,5984,19.4,5.75,29.62,4.14
209,2024-09-14,Beta Testing Launch,Frequent Buyers 35-50,80857,Frequent Buyers 35-50,6204,74653,12897,7425,2957,17.28,9.95,57.57,3.96
210,2025-01-23,School Supplies Promo,Previous Customers,159460,Previous Customers,14404,145056,31913,9091,7398,22.0,6.27,28.49,5.1
211,2024-09-05,Holiday Sales Event,Young Adults 20-30,73769,Young Adults 20-30,5312,68457,20202,6856,3803,29.51,10.02,33.94,5.56
212,2025-07-29,Brand Awareness,Seniors 55+,187555,Seniors 55+,13483,174072,34067,18851,7558,19.57,10.83,55.34,4.34
213,2025-06-01,Loyalty Program,Tech Enthusiasts 18-45,145632,Tech Enthusiasts 18-45,12720,132912,37962,7971,2906,28.56,6.0,21.0,2.19
214,2024-12-24,Fitness Gear Promo,Parents 30-50,141478,Parents 30-50,12729,128749,29094,5866,1764,22.6,4.56,20.16,1.37
215,2024-12-10,Sustainability Product Launch,Tech Enthusiasts 18-45,161602,Tech Enthusiasts 18-45,9845,151757,31276,15744,3400,20.61,10.37,50.34,2.24
216,2024-02-01,Sustainability Product Launch,Shopaholics 25-44,61412,Shopaholics 25-44,3234,58178,13532,4710,2865,23.26,8.1,34.81,4.93
217,2025-06-12,Sustainability Product Launch,Young Professionals 25-40,185113,Young Professionals 25-40,11617,173496,43740,6227,10241,25.21,3.59,14.24,5.9
218,2024-10-26,New Product Launch,Women 25-34,153255,Women 25-34,9846,143409,23224,10881,3697,16.19,7.59,46.85,2.58
219,2024-06-04,Holiday Sales Event,Fitness Enthusiasts 18-40,134862,Fitness Enthusiasts 18-40,7343,127519,19438,8297,1249,15.24,6.51,42.68,0.98
220,2024-10-30,Sustainability Product Launch,Seniors 55+,151817,Seniors 55+,13111,138706,30663,9904,3508,22.11,7.14,32.3,2.53
221,2024-08-07,Sustainability Product Launch,General Audience,183988,General Audience,10947,173041,51342,8084,11312,29.67,4.67,15.75,6.54
222,2024-12-29,Brand Awareness,Parents 30-50,164455,Parents 30-50,12026,152429,26804,7477,6105,17.58,4.91,27.9,4.01
223,2024-06-28,Major Shopping Event,Women 25-34,128831,Women 25-34,6574,122257,21524,7212,7995,17.61,5.9,33.51,6.54
224,2024-07-19,Major Shopping Event,Fitness Enthusiasts 18-40,122124,Fitness Enthusiasts 18-40,11470,110654,22123,3819,6829,19.99,3.45,17.26,6.17
225,2024-12-25,School Supplies Promo,Environment Advocates,177717,Environment Advocates,10024,167693,31101,8587,1576,18.55,5.12,27.61,0.94
226,2024-08-07,Fitness Gear Promo,Seniors 55+,89537,Seniors 55+,5992,83545,24149,9074,3696,28.91,10.86,37.58,4.42
227,2025-06-08,Clearance Sale,Frequent Buyers 35-50,123962,Frequent Buyers 35-50,6257,117705,31821,7236,3987,27.04,6.15,22.74,3.39
228,2024-08-20,Holiday Follow Up,Environment Advocates,134748,Environment Advocates,9743,125005,30521,10725,3739,24.42,8.58,35.14,2.99
229,2024-11-27,Holiday Follow Up,Tech Enthusiasts 18-45,150610,Tech Enthusiasts 18-45,12292,138318,21456,7522,7528,15.51,5.44,35.06,5.44
230,2024-05-20,Major Shopping Event,Frequent Buyers 35-50,51906,Frequent Buyers 35-50,3150,48756,7385,4717,805,15.15,9.68,63.87,1.65
231,2024-03-01,New Product Launch,Fitness Enthusiasts 18-40,148644,Fitness Enthusiasts 18-40,7879,140765,32751,15595,3687,23.27,11.08,47.62,2.62
232,2024-12-11,Loyalty Program,Tech Enthusiasts 18-45,55906,Tech Enthusiasts 18-45,3629,52277,11488,5277,749,21.98,10.09,45.93,1.43
233,2024-05-11,Sustainability Product Launch,Previous Customers,152501,Previous Customers,9838,142663,28373,13295,8497,19.89,9.32,46.86,5.96
234,2024-02-04,School Supplies Promo,Parents 30-50,112745,Parents 30-50,6368,106377,20189,6132,2720,18.98,5.76,30.37,2.56
235,2025-06-12,Loyalty Program,Fitness Enthusiasts 18-40,147430,Fitness Enthusiasts 18-40,14156,133274,36950,12544,7291,27.73,9.41,33.95,5.47
236,2025-06-01,Sustainability Product Launch,General Audience,182689,General Audience,12806,169883,28313,5175,6008,16.67,3.05,18.28,3.54
237,2024-06-03,Sustainability Product Launch,Previous Customers,99356,Previous Customers,5923,93433,15506,2904,5029,16.6,3.11,18.73,5.38
238,2024-03-24,Brand Awareness,Parents 30-50,74956,Parents 30-50,6324,68632,18290,4398,2518,26.65,6.41,24.05,3.67
239,2024-04-19,Holiday Follow Up,Seniors 55+,107710,Seniors 55+,6951,100759,17795,7618,4184,17.66,7.56,42.81,4.15
240,2024-12-17,Loyalty Program,Previous Customers,142123,Previous Customers,12629,129494,26578,6901,1757,20.52,5.33,25.97,1.36
241,2024-11-21,Fitness Gear Promo,General Audience,60656,General Audience,5046,55610,8528,4916,3024,15.34,8.84,57.65,5.44
242,2024-02-07,Holiday Follow Up,Seniors 55+,68206,Seniors 55+,3888,64318,16438,2565,4458,25.56,3.99,15.6,6.93
243,2025-03-14,School Supplies Promo,Previous Customers,81907,Previous Customers,5027,76880,20071,5771,3807,26.11,7.51,28.75,4.95
244,2024-09-14,Major Shopping Event,Shopaholics 25-44,137257,Shopaholics 25-44,9347,127910,22237,6948,2395,17.39,5.43,31.25,1.87
245,2024-03-30,Fitness Gear Promo,Tech Enthusiasts 18-45,188267,Tech Enthusiasts 18-45,12715,175552,41723,7639,1874,23.77,4.35,18.31,1.07
246,2025-05-19,Sustainability Product Launch,Tech Enthusiasts 18-45,72827,Tech Enthusiasts 18-45,6134,66693,19175,2625,526,28.75,3.94,13.69,0.79
247,2025-05-03,Beta Testing Launch,Young Adults 20-30,135760,Young Adults 20-30,12837,122923,29356,4088,1500,23.88,3.33,13.93,1.22
248,2024-03-19,Sustainability Product Launch,Environment Advocates,138683,Environment Advocates,7490,131193,30476,7867,6628,23.23,6.0,25.81,5.05
249,2025-03-04,Clearance Sale,Women 25-34,146449,Women 25-34,10689,135760,25871,4269,5440,19.06,3.14,16.5,4.01
250,2025-05-24,Holiday Sales Event,Parents 30-50,120376,Parents 30-50,11106,109270,25048,11550,6256,22.92,10.57,46.11,5.73
251,2025-05-06,Beta Testing Launch,Shopaholics 25-44,188753,Shopaholics 25-44,14946,173807,29753,7006,4139,17.12,4.03,23.55,2.38
252,2024-03-26,Beta Testing Launch,Environment Advocates,87052,Environment Advocates,5226,81826,21934,3141,4631,26.81,3.84,14.32,5.66
253,2024-02-10,Holiday Sales Event,Seniors 55+,97534,Seniors 55+,7313,90221,20648,4134,3699,22.89,4.58,20.02,4.1
254,2024-03-16,School Supplies Promo,Environment Advocates,79731,Environment Advocates,7906,71825,13501,7195,374,18.8,10.02,53.29,0.52
255,2025-03-28,Loyalty Program,Women 25-34,99206,Women 25-34,7915,91291,21434,4656,2145,23.48,5.1,21.72,2.35
256,2024-08-21,Fitness Gear Promo,Young Adults 20-30,66265,Young Adults 20-30,5527,60738,11001,3703,2062,18.11,6.1,33.66,3.4
257,2025-07-09,Loyalty Program,Frequent Buyers 35-50,77989,Frequent Buyers 35-50,6500,71489,18297,2920,3423,25.6,4.09,15.96,4.79
258,2025-04-01,Loyalty Program,Shopaholics 25-44,155450,Shopaholics 25-44,8237,147213,33296,14764,753,22.62,10.03,44.34,0.51
259,2024-02-24,Loyalty Program,Environment Advocates,172561,Environment Advocates,13700,158861,26456,7341,5456,16.65,4.62,27.75,3.43
260,2024-07-02,Beta Testing Launch,Tech Enthusiasts 18-45,146765,Tech Enthusiasts 18-45,11675,135090,31021,12430,5850,22.96,9.2,40.07,4.33
261,2025-07-04,Holiday Follow Up,General Audience,51652,General Audience,4148,47504,13656,5073,895,28.75,10.68,37.15,1.89
262,2024-02-10,Major Shopping Event,Seniors 55+,99719,Seniors 55+,6400,93319,25540,5627,773,27.37,6.03,22.03,0.83
263,2024-05-15,Major Shopping Event,Young Professionals 25-40,171449,Young Professionals 25-40,13186,158263,46262,13821,4549,29.23,8.73,29.88,2.87
264,2025-06-07,Beta Testing Launch,Frequent Buyers 35-50,62134,Frequent Buyers 35-50,3270,58864,10066,2990,3294,17.1,5.08,29.7,5.6
265,2025-07-08,Brand Awareness,General Audience,123856,General Audience,8154,115702,31924,5340,2074,27.59,4.62,16.73,1.79
266,2024-03-06,Sustainability Product Launch,Tech Enthusiasts 18-45,171380,Tech Enthusiasts 18-45,11583,159797,38402,10227,9753,24.03,6.4,26.63,6.1
267,2024-03-19,Fitness Gear Promo,Young Professionals 25-40,148515,Young Professionals 25-40,14326,134189,35810,9529,4220,26.69,7.1,26.61,3.15
268,2025-03-31,Sustainability Product Launch,Young Adults 20-30,173086,Young Adults 20-30,9776,163310,36364,15595,1674,22.27,9.55,42.89,1.03
269,2025-02-05,Brand Awareness,Parents 30-50,162694,Parents 30-50,11074,151620,31727,16690,6151,20.93,11.01,52.61,4.06
270,2024-04-25,New Product Launch,Women 25-34,64710,Women 25-34,3650,61060,9752,4285,3626,15.97,7.02,43.94,5.94
271,2024-12-09,School Supplies Promo,Frequent Buyers 35-50,134598,Frequent Buyers 35-50,7088,127510,24988,8769,4668,19.6,6.88,35.09,3.66
272,2025-06-03,Sustainability Product Launch,Women 25-34,181243,Women 25-34,16247,164996,28886,10510,5527,17.51,6.37,36.38,3.35
273,2025-01-21,Sustainability Product Launch,Environment Advocates,183973,Environment Advocates,9249,174724,34316,9062,1947,19.64,5.19,26.41,1.11
274,2025-06-06,Major Shopping Event,Tech Enthusiasts 18-45,114509,Tech Enthusiasts 18-45,7029,107480,20051,10648,7477,18.66,9.91,53.1,6.96
275,2024-02-25,New Product Launch,Tech Enthusiasts 18-45,134138,Tech Enthusiasts 18-45,11930,122208,28553,10850,620,23.36,8.88,38.0,0.51
276,2025-03-25,Holiday Follow Up,Young Adults 20-30,80393,Young Adults 20-30,7368,73025,14643,3551,4181,20.05,4.86,24.25,5.73
277,2025-04-07,Clearance Sale,Tech Enthusiasts 18-45,53735,Tech Enthusiasts 18-45,3092,50643,10275,4401,1167,20.29,8.69,42.83,2.31
278,2024-04-03,Clearance Sale,Parents 30-50,136172,Parents 30-50,12444,123728,21456,10471,6692,17.34,8.46,48.8,5.41
279,2025-03-30,Seasonal Discount,General Audience,155507,General Audience,11463,144044,21917,10491,10070,15.22,7.28,47.87,6.99
280,2024-04-20,Holiday Follow Up,Shopaholics 25-44,127737,Shopaholics 25-44,10465,117272,27972,12461,3412,23.85,10.63,44.55,2.91
281,2024-08-02,Fitness Gear Promo,Frequent Buyers 35-50,50049,Frequent Buyers 35-50,3373,46676,13014,4877,1039,27.88,10.45,37.48,2.23
282,2024-04-03,Seasonal Discount,Frequent Buyers 35-50,112200,Frequent Buyers 35-50,10630,101570,28632,9721,3725,28.19,9.57,33.95,3.67
283,2024-09-20,Fitness Gear Promo,Young Professionals 25-40,102089,Young Professionals 25-40,6790,95299,23970,9161,1361,25.15,9.61,38.22,1.43
284,2025-02-02,New Product Launch,Young Adults 20-30,97627,Young Adults 20-30,6425,91202,17598,4074,5410,19.3,4.47,23.15,5.93
285,2025-03-07,Sustainability Product Launch,Women 25-34,102945,Women 25-34,9678,93267,24868,5394,1294,26.66,5.78,21.69,1.39
286,2025-07-22,Brand Awareness,Previous Customers,67388,Previous Customers,3833,63555,11094,6260,3079,17.46,9.85,56.43,4.84
287,2025-06-12,Beta Testing Launch,Young Adults 20-30,188109,Young Adults 20-30,12675,175434,48836,13866,5117,27.84,7.9,28.39,2.92
288,2025-06-03,Beta Testing Launch,Fitness Enthusiasts 18-40,195670,Fitness Enthusiasts 18-40,19452,176218,52277,6821,5397,29.67,3.87,13.05,3.06
289,2024-08-01,Brand Awareness,General Audience,78948,General Audience,6769,72179,19982,7305,3391,27.68,10.12,36.56,4.7
290,2025-04-28,School Supplies Promo,Environment Advocates,167041,Environment Advocates,11781,155260,44808,7231,2002,28.86,4.66,16.14,1.29
291,2024-07-25,Brand Awareness,Shopaholics 25-44,165411,Shopaholics 25-44,8353,157058,39161,18055,6738,24.93,11.5,46.1,4.29
292,2024-03-30,Holiday Follow Up,Fitness Enthusiasts 18-40,189072,Fitness Enthusiasts 18-40,16690,172382,33766,12956,4168,19.59,7.52,38.37,2.42
293,2024-05-07,Clearance Sale,Parents 30-50,194576,Parents 30-50,14442,180134,36829,6544,10967,20.45,3.63,17.77,6.09
294,2025-03-27,Seasonal Discount,General Audience,55464,General Audience,4694,50770,9905,3079,562,19.51,6.07,31.09,1.11
295,2025-06-10,Fitness Gear Promo,Women 25-34,87635,Women 25-34,4869,82766,18191,9238,846,21.98,11.16,50.78,1.02
296,2024-09-12,Sustainability Product Launch,Young Adults 20-30,101983,Young Adults 20-30,9182,92801,27039,10880,3535,29.14,11.72,40.24,3.81
297,2024-06-05,Seasonal Discount,Previous Customers,181320,Previous Customers,10216,171104,39170,10096,6916,22.89,5.9,25.77,4.04
298,2025-06-11,Holiday Follow Up,Environment Advocates,90752,Environment Advocates,6145,84607,18051,5231,2868,21.34,6.18,28.98,3.39
299,2024-07-28,Major Shopping Event,Previous Customers,103449,Previous Customers,10138,93311,24561,5612,4638,26.32,6.02,22.85,4.97
300,2024-09-02,Seasonal Discount,Fitness Enthusiasts 18-40,112981,Fitness Enthusiasts 18-40,10752,102229,16098,4301,2272,15.75,4.21,26.72,2.22
301,2024-11-18,Clearance Sale,Fitness Enthusiasts 18-40,185992,Fitness Enthusiasts 18-40,10064,175928,44001,16793,4713,25.01,9.55,38.17,2.68
302,2025-07-17,New Product Launch,Fitness Enthusiasts 18-40,170973,Fitness Enthusiasts 18-40,15298,155675,23723,17966,10705,15.24,11.54,75.73,6.88
303,2024-05-04,Major Shopping Event,Fitness Enthusiasts 18-40,166302,Fitness Enthusiasts 18-40,15137,151165,43477,16247,1398,28.76,10.75,37.37,0.92
304,2025-04-15,Fitness Gear Promo,Parents 30-50,60708,Parents 30-50,5931,54777,13355,2668,2586,24.38,4.87,19.98,4.72
305,2024-03-12,Seasonal Discount,Previous Customers,137818,Previous Customers,7171,130647,34263,15285,9018,26.23,11.7,44.61,6.9
306,2024-11-21,New Product Launch,Parents 30-50,126377,Parents 30-50,12210,114167,26646,6619,5672,23.34,5.8,24.84,4.97
307,2024-08-04,Brand Awareness,Previous Customers,189907,Previous Customers,13439,176468,30236,8665,2934,17.13,4.91,28.66,1.66
308,2024-06-20,Sustainability Product Launch,Women 25-34,71305,Women 25-34,6215,65090,17707,4706,1568,27.21,7.23,26.58,2.41
309,2024-02-16,Loyalty Program,Seniors 55+,63671,Seniors 55+,5430,58241,11971,4867,2817,20.56,8.36,40.66,4.84
310,2024-02-07,Fitness Gear Promo,Frequent Buyers 35-50,139143,Frequent Buyers 35-50,12086,127057,28722,12711,5200,22.61,10.0,44.26,4.09
311,2024-04-05,Loyalty Program,Previous Customers,58761,Previous Customers,3491,55270,9483,3600,2921,17.16,6.52,37.96,5.29
312,2024-08-30,Seasonal Discount,Seniors 55+,122699,Seniors 55+,8542,114157,25229,4172,4596,22.1,3.66,16.54,4.03
313,2025-04-18,Holiday Sales Event,Young Professionals 25-40,91139,Young Professionals 25-40,6307,84832,20777,8016,1869,24.49,9.45,38.58,2.2
314,2024-06-23,Fitness Gear Promo,Young Professionals 25-40,151898,Young Professionals 25-40,8387,143511,23345,6808,9540,16.27,4.74,29.16,6.65
315,2025-03-12,Clearance Sale,General Audience,143031,General Audience,11313,131718,20678,5804,1220,15.7,4.41,28.07,0.93
316,2024-08-28,Major Shopping Event,General Audience,89359,General Audience,5022,84337,18894,3913,3884,22.4,4.64,20.71,4.61
317,2025-07-26,New Product Launch,Fitness Enthusiasts 18-40,90782,Fitness Enthusiasts 18-40,7624,83158,23671,4569,5529,28.47,5.5,19.3,6.65
318,2024-09-12,Beta Testing Launch,Young Adults 20-30,145453,Young Adults 20-30,8358,137095,36799,7104,4797,26.84,5.18,19.3,3.5
319,2024-02-04,Beta Testing Launch,Women 25-34,175377,Women 25-34,13354,162023,46793,10321,4998,28.88,6.37,22.06,3.09
320,2024-04-04,New Product Launch,Seniors 55+,53075,Seniors 55+,3193,49882,8494,5387,1588,17.03,10.8,63.42,3.18
321,2025-07-12,Clearance Sale,Young Adults 20-30,120241,Young Adults 20-30,9398,110843,24368,9058,6129,21.98,8.17,37.17,5.53
322,2024-11-05,Brand Awareness,Tech Enthusiasts 18-45,129233,Tech Enthusiasts 18-45,10533,118700,23314,6407,7740,19.64,5.4,27.48,6.52
323,2025-06-24,Fitness Gear Promo,Young Professionals 25-40,128145,Young Professionals 25-40,6776,121369,28063,4779,6724,23.12,3.94,17.03,5.54
324,2025-04-06,Holiday Follow Up,Previous Customers,168729,Previous Customers,10846,157883,35194,15857,2371,22.29,10.04,45.06,1.5
325,2025-03-27,Holiday Follow Up,Environment Advocates,185655,Environment Advocates,15525,170130,44979,19789,3506,26.44,11.63,44.0,2.06
326,2024-10-26,New Product Launch,Previous Customers,156311,Previous Customers,9403,146908,43483,11021,3847,29.6,7.5,25.35,2.62
327,2024-05-06,New Product Launch,Parents 30-50,105175,Parents 30-50,6014,99161,20951,11222,5479,21.13,11.32,53.56,5.53
328,2025-06-12,Clearance Sale,Young Adults 20-30,185094,Young Adults 20-30,9681,175413,44070,5601,11762,25.12,3.19,12.71,6.71
329,2025-03-22,School Supplies Promo,Environment Advocates,94975,Environment Advocates,9002,85973,14861,6731,452,17.29,7.83,45.29,0.53
330,2025-07-15,Brand Awareness,Young Professionals 25-40,198034,Young Professionals 25-40,17783,180251,53232,16418,3426,29.53,9.11,30.84,1.9
331,2024-08-27,Loyalty Program,Women 25-34,154105,Women 25-34,13013,141092,22097,5239,5000,15.66,3.71,23.71,3.54
332,2025-07-29,Beta Testing Launch,Young Professionals 25-40,81291,Young Professionals 25-40,4850,76441,16341,2770,3783,21.38,3.62,16.95,4.95
333,2024-11-26,School Supplies Promo,General Audience,81929,General Audience,6501,75428,16148,5083,2860,21.41,6.74,31.48,3.79
334,2025-04-23,Brand Awareness,Environment Advocates,137887,Environment Advocates,8093,129794,33039,5782,2982,25.46,4.46,17.5,2.3
335,2024-04-15,Clearance Sale,Seniors 55+,113809,Seniors 55+,6675,107134,26374,10915,5724,24.62,10.19,41.39,5.34
336,2024-06-08,Clearance Sale,Frequent Buyers 35-50,93200,Frequent Buyers 35-50,9286,83914,22695,6545,4358,27.05,7.8,28.84,5.19
337,2025-05-08,Holiday Follow Up,Women 25-34,140242,Women 25-34,8594,131648,30626,12359,7201,23.26,9.39,40.35,5.47
338,2024-12-09,Seasonal Discount,Parents 30-50,60093,Parents 30-50,3739,56354,13805,3337,3279,24.5,5.92,24.17,5.82
339,2024-07-13,Beta Testing Launch,Frequent Buyers 35-50,70764,Frequent Buyers 35-50,4066,66698,14120,3971,2663,21.17,5.95,28.12,3.99
340,2025-07-13,School Supplies Promo,Frequent Buyers 35-50,176666,Frequent Buyers 35-50,14525,162141,35364,15704,10097,21.81,9.69,44.41,6.23
341,2024-12-12,Sustainability Product Launch,Frequent Buyers 35-50,148586,Frequent Buyers 35-50,9960,138626,26473,8420,1646,19.1,6.07,31.81,1.19
342,2025-04-14,Sustainability Product Launch,Young Adults 20-30,132693,Young Adults 20-30,9022,123671,30728,6378,6051,24.85,5.16,20.76,4.89
343,2024-09-29,Clearance Sale,General Audience,80309,General Audience,6344,73965,20960,3542,3320,28.34,4.79,16.9,4.49
344,2024-03-31,Fitness Gear Promo,Fitness Enthusiasts 18-40,155579,Fitness Enthusiasts 18-40,11399,144180,42121,12672,3477,29.21,8.79,30.08,2.41
345,2024-06-23,Beta Testing Launch,Frequent Buyers 35-50,154119,Frequent Buyers 35-50,12041,142078,41906,8463,4584,29.5,5.96,20.2,3.23
346,2025-02-21,Seasonal Discount,Frequent Buyers 35-50,129795,Frequent Buyers 35-50,11278,118517,34343,9366,4042,28.98,7.9,27.27,3.41
347,2025-06-12,Holiday Follow Up,Young Adults 20-30,66777,Young Adults 20-30,4760,62017,13301,4613,371,21.45,7.44,34.68,0.6
348,2024-07-09,Loyalty Program,Young Adults 20-30,146194,Young Adults 20-30,14486,131708,24518,13211,1897,18.62,10.03,53.88,1.44
349,2024-12-29,Sustainability Product Launch,Fitness Enthusiasts 18-40,73258,Fitness Enthusiasts 18-40,6518,66740,12136,2613,2811,18.19,3.92,21.53,4.21
350,2024-11-26,Beta Testing Launch,Shopaholics 25-44,189379,Shopaholics 25-44,18521,170858,28978,14312,7685,16.96,8.38,49.39,4.5
351,2024-06-27,Sustainability Product Launch,Tech Enthusiasts 18-45,94455,Tech Enthusiasts 18-45,5815,88640,25023,3636,2776,28.23,4.1,14.53,3.13
352,2024-07-10,Holiday Sales Event,Young Adults 20-30,89610,Young Adults 20-30,7917,81693,19758,9502,1044,24.19,11.63,48.09,1.28
353,2024-03-30,Brand Awareness,Parents 30-50,65432,Parents 30-50,5743,59689,14432,4080,2243,24.18,6.84,28.27,3.76
354,2025-01-06,Brand Awareness,Shopaholics 25-44,68340,Shopaholics 25-44,6312,62028,11176,2555,2170,18.02,4.12,22.86,3.5
355,2024-10-22,Holiday Follow Up,Fitness Enthusiasts 18-40,99752,Fitness Enthusiasts 18-40,5061,94691,24821,4352,1785,26.21,4.6,17.53,1.89
356,2024-02-27,New Product Launch,Previous Customers,122567,Previous Customers,9682,112885,21001,12534,1919,18.6,11.1,59.68,1.7
357,2025-03-18,School Supplies Promo,Women 25-34,170284,Women 25-34,9323,160961,36795,18735,11141,22.86,11.64,50.92,6.92
358,2025-05-12,Sustainability Product Launch,Tech Enthusiasts 18-45,114839,Tech Enthusiasts 18-45,6475,108364,20974,6100,4223,19.36,5.63,29.08,3.9
359,2024-09-14,Holiday Sales Event,General Audience,173695,General Audience,13736,159959,29548,18118,1870,18.47,11.33,61.32,1.17
360,2024-06-09,Clearance Sale,Shopaholics 25-44,112897,Shopaholics 25-44,10431,102466,25101,6231,616,24.5,6.08,24.82,0.6
361,2025-06-15,New Product Launch,Young Professionals 25-40,88359,Young Professionals 25-40,5105,83254,19322,9954,3970,23.21,11.96,51.52,4.77
362,2025-01-09,Fitness Gear Promo,Tech Enthusiasts 18-45,82360,Tech Enthusiasts 18-45,7480,74880,17268,2418,2516,23.06,3.23,14.0,3.36
363,2024-08-07,Loyalty Program,Tech Enthusiasts 18-45,106166,Tech Enthusiasts 18-45,5945,100221,26732,8614,6522,26.67,8.6,32.22,6.51
364,2025-05-01,Holiday Sales Event,Parents 30-50,143121,Parents 30-50,13112,130009,31048,8433,5994,23.88,6.49,27.16,4.61
365,2024-11-20,School Supplies Promo,Environment Advocates,53770,Environment Advocates,4924,48846,13509,4943,2039,27.66,10.12,36.59,4.18
366,2025-04-10,Seasonal Discount,Young Professionals 25-40,156904,Young Professionals 25-40,10814,146090,25553,5765,9163,17.49,3.95,22.56,6.27
367,2025-04-22,New Product Launch,Tech Enthusiasts 18-45,78469,Tech Enthusiasts 18-45,4307,74162,17116,2861,4374,23.08,3.86,16.72,5.9
368,2024-08-02,Holiday Follow Up,Previous Customers,128293,Previous Customers,7725,120568,23229,13590,4110,19.27,11.27,58.5,3.41
369,2024-03-31,Holiday Follow Up,Previous Customers,130311,Previous Customers,12974,117337,30423,5513,5726,25.93,4.7,18.12,4.88
370,2025-03-27,Beta Testing Launch,Fitness Enthusiasts 18-40,110003,Fitness Enthusiasts 18-40,9088,100915,22627,5042,5793,22.42,5.0,22.28,5.74
371,2025-01-25,School Supplies Promo,Tech Enthusiasts 18-45,156592,Tech Enthusiasts 18-45,11131,145461,37691,7681,8493,25.91,5.28,20.38,5.84
372,2024-07-25,Major Shopping Event,Women 25-34,170143,Women 25-34,13611,156532,29465,15881,3702,18.82,10.15,53.9,2.37
373,2024-08-01,Holiday Sales Event,Frequent Buyers 35-50,111163,Frequent Buyers 35-50,8813,102350,21219,9178,3400,20.73,8.97,43.25,3.32
374,2025-02-25,Seasonal Discount,Young Professionals 25-40,173132,Young Professionals 25-40,13221,159911,45062,6775,2791,28.18,4.24,15.03,1.75
375,2025-07-25,Seasonal Discount,Frequent Buyers 35-50,166098,Frequent Buyers 35-50,10670,155428,43680,14630,1579,28.1,9.41,33.49,1.02
376,2024-07-18,Holiday Sales Event,Environment Advocates,168831,Environment Advocates,13404,155427,32927,14044,9805,21.19,9.04,42.65,6.31
377,2025-06-15,Sustainability Product Launch,Environment Advocates,91273,Environment Advocates,5584,85689,24152,6756,2523,28.19,7.88,27.97,2.95
378,2025-05-15,Loyalty Program,General Audience,157188,General Audience,12482,144706,30505,4930,2199,21.08,3.41,16.16,1.52
379,2025-04-19,Clearance Sale,Tech Enthusiasts 18-45,170360,Tech Enthusiasts 18-45,8793,161567,40837,4859,7358,25.28,3.01,11.9,4.55
380,2024-05-22,Major Shopping Event,Shopaholics 25-44,154369,Shopaholics 25-44,14012,140357,32711,7436,2206,23.31,5.3,22.73,1.57
381,2024-03-24,Beta Testing Launch,Seniors 55+,56819,Seniors 55+,4284,52535,12486,5785,641,23.77,11.01,46.33,1.22
382,2024-04-06,Clearance Sale,Environment Advocates,145192,Environment Advocates,10881,134311,27366,15865,1939,20.38,11.81,57.97,1.44
383,2024-03-29,Holiday Sales Event,Parents 30-50,111468,Parents 30-50,7255,104213,22487,8409,5675,21.58,8.07,37.39,5.45
384,2025-02-12,Major Shopping Event,Previous Customers,116318,Previous Customers,9318,107000,24944,9104,5849,23.31,8.51,36.5,5.47
385,2025-06-11,Brand Awareness,Seniors 55+,190109,Seniors 55+,18513,171596,31821,14060,4756,18.54,8.19,44.18,2.77
386,2025-07-07,Holiday Follow Up,Shopaholics 25-44,195184,Shopaholics 25-44,13543,181641,44394,21306,5815,24.44,11.73,47.99,3.2
387,2025-06-16,Brand Awareness,Shopaholics 25-44,153521,Shopaholics 25-44,13017,140504,36825,14708,5358,26.21,10.47,39.94,3.81
388,2025-07-06,Brand Awareness,Environment Advocates,147430,Environment Advocates,12096,135334,33318,6709,7817,24.62,4.96,20.14,5.78
389,2025-03-08,Loyalty Program,Women 25-34,165877,Women 25-34,8920,156957,38604,6725,6341,24.6,4.29,17.42,4.04
390,2024-03-01,Fitness Gear Promo,General Audience,100271,General Audience,8512,91759,26805,6202,768,29.21,6.76,23.14,0.84
391,2024-10-22,New Product Launch,Young Adults 20-30,142815,Young Adults 20-30,14130,128685,26985,4097,4497,20.97,3.18,15.18,3.49
392,2025-01-28,Seasonal Discount,General Audience,119597,General Audience,11426,108171,21211,7209,4248,19.61,6.66,33.99,3.93
393,2024-04-30,Fitness Gear Promo,Women 25-34,86445,Women 25-34,6618,79827,20041,3539,3952,25.11,4.43,17.66,4.95
394,2024-11-14,School Supplies Promo,General Audience,100450,General Audience,6209,94241,19734,8317,6401,20.94,8.83,42.15,6.79
395,2024-02-25,Major Shopping Event,Previous Customers,182891,Previous Customers,10069,172822,27070,11937,7939,15.66,6.91,44.1,4.59
396,2024-10-21,Brand Awareness,Environment Advocates,106090,Environment Advocates,6989,99101,25177,10917,4675,25.41,11.02,43.36,4.72
397,2024-08-29,New Product Launch,Seniors 55+,178237,Seniors 55+,16075,162162,47924,16862,10712,29.55,10.4,35.18,6.61
398,2025-06-29,Loyalty Program,Women 25-34,171008,Women 25-34,9087,161921,44381,12220,2771,27.41,7.55,27.53,1.71
399,2024-12-04,New Product Launch,Previous Customers,112512,Previous Customers,9891,102621,28342,6790,2006,27.62,6.62,23.96,1.96
400,2025-07-03,Loyalty Program,Young Adults 20-30,149523,Young Adults 20-30,13259,136264,33923,10491,6657,24.9,7.7,30.93,4.89
401,2024-04-07,Fitness Gear Promo,General Audience,83613,General Audience,5482,78131,12793,6304,2396,16.37,8.07,49.28,3.07
402,2024-06-13,Loyalty Program,Previous Customers,177705,Previous Customers,10012,167693,40971,10806,8580,24.43,6.44,26.37,5.12
403,2025-07-06,Major Shopping Event,Young Professionals 25-40,148678,Young Professionals 25-40,7541,141137,22112,12578,911,15.67,8.91,56.88,0.65
404,2025-02-10,Beta Testing Launch,Women 25-34,65174,Women 25-34,6391,58783,16155,5318,2695,27.48,9.05,32.92,4.59
405,2024-10-07,Seasonal Discount,Young Professionals 25-40,189980,Young Professionals 25-40,13370,176610,35555,20330,1401,20.13,11.51,57.18,0.79
406,2024-07-19,Fitness Gear Promo,Environment Advocates,194296,Environment Advocates,14444,179852,44614,19613,1775,24.81,10.91,43.96,0.99
407,2025-07-10,Major Shopping Event,Parents 30-50,84111,Parents 30-50,6864,77247,13214,2410,3456,17.11,3.12,18.24,4.47
408,2024-09-30,New Product Launch,Environment Advocates,120113,Environment Advocates,6287,113826,26477,9267,3489,23.26,8.14,35.0,3.07
409,2024-10-04,New Product Launch,Young Adults 20-30,172235,Young Adults 20-30,11006,161229,40729,13245,4234,25.26,8.22,32.52,2.63
410,2024-10-20,Holiday Sales Event,Young Professionals 25-40,58688,Young Professionals 25-40,3766,54922,12433,2209,669,22.64,4.02,17.77,1.22
411,2024-05-27,Clearance Sale,Young Professionals 25-40,139589,Young Professionals 25-40,12672,126917,28841,8975,8453,22.72,7.07,31.12,6.66
412,2024-07-11,Brand Awareness,Parents 30-50,125253,Parents 30-50,6361,118892,33207,5167,1242,27.93,4.35,15.56,1.05
413,2024-12-13,Sustainability Product Launch,Environment Advocates,154701,Environment Advocates,13503,141198,40702,9543,8026,28.83,6.76,23.45,5.68
414,2025-06-22,Seasonal Discount,Fitness Enthusiasts 18-40,58023,Fitness Enthusiasts 18-40,4330,53693,14471,2739,2969,26.95,5.1,18.93,5.53
415,2025-01-31,Beta Testing Launch,Environment Advocates,67193,Environment Advocates,4157,63036,18030,7014,2045,28.6,11.13,38.9,3.25
416,2024-04-07,Loyalty Program,Seniors 55+,188916,Seniors 55+,17598,171318,50150,18395,3168,29.27,10.74,36.68,1.85
417,2025-07-21,School Supplies Promo,Parents 30-50,83941,Parents 30-50,7278,76663,14701,5730,1351,19.18,7.47,38.98,1.76
418,2025-04-05,Fitness Gear Promo,Frequent Buyers 35-50,167825,Frequent Buyers 35-50,13683,154142,26381,15779,4779,17.12,10.24,59.81,3.1
419,2025-03-04,Clearance Sale,Young Professionals 25-40,64711,Young Professionals 25-40,4858,59853,9710,2971,630,16.22,4.96,30.6,1.05
420,2024-04-17,School Supplies Promo,General Audience,104739,General Audience,7142,97597,19312,11134,6028,19.79,11.41,57.65,6.18
421,2024-03-30,Brand Awareness,Tech Enthusiasts 18-45,178588,Tech Enthusiasts 18-45,9951,168637,43278,10409,10400,25.66,6.17,24.05,6.17
422,2025-07-19,Major Shopping Event,General Audience,143529,General Audience,11173,132356,21559,11277,5075,16.29,8.52,52.31,3.83
423,2025-07-05,Sustainability Product Launch,Environment Advocates,141139,Environment Advocates,8710,132429,29437,15407,4596,22.23,11.63,52.34,3.47
424,2025-04-25,Major Shopping Event,Fitness Enthusiasts 18-40,76686,Fitness Enthusiasts 18-40,4724,71962,15451,2468,683,21.47,3.43,15.97,0.95
425,2024-04-20,Brand Awareness,Previous Customers,198241,Previous Customers,10646,187595,38123,17289,1613,20.32,9.22,45.35,0.86
426,2025-05-19,School Supplies Promo,Tech Enthusiasts 18-45,149521,Tech Enthusiasts 18-45,12815,136706,21359,5893,5216,15.62,4.31,27.59,3.82
427,2024-09-24,Sustainability Product Launch,Young Professionals 25-40,157576,Young Professionals 25-40,8907,148669,37122,14841,8497,24.97,9.98,39.98,5.72
428,2025-05-14,Fitness Gear Promo,Frequent Buyers 35-50,173325,Frequent Buyers 35-50,14459,158866,36539,13152,7723,23.0,8.28,35.99,4.86
429,2025-07-24,Holiday Follow Up,Frequent Buyers 35-50,88922,Frequent Buyers 35-50,6754,82168,19553,4219,3720,23.8,5.14,21.58,4.53
430,2024-11-23,Fitness Gear Promo,Seniors 55+,136439,Seniors 55+,7984,128455,24592,5943,7338,19.14,4.63,24.17,5.71
431,2024-10-31,Beta Testing Launch,General Audience,147357,General Audience,9413,137944,26066,13291,4022,18.9,9.64,50.99,2.92
432,2024-06-03,Major Shopping Event,Fitness Enthusiasts 18-40,139133,Fitness Enthusiasts 18-40,7338,131795,23700,10863,2000,17.98,8.24,45.84,1.52
433,2024-07-09,Clearance Sale,Women 25-34,94447,Women 25-34,9018,85429,24481,5382,5148,28.66,6.3,21.98,6.03
434,2025-04-30,Brand Awareness,Parents 30-50,199442,Parents 30-50,15970,183472,33464,13905,5242,18.24,7.58,41.55,2.86
435,2025-01-05,School Supplies Promo,Young Adults 20-30,141756,Young Adults 20-30,8230,133526,36681,10867,8862,27.47,8.14,29.63,6.64
436,2024-12-07,School Supplies Promo,Women 25-34,162074,Women 25-34,15434,146640,43287,6192,1467,29.52,4.22,14.3,1.0
437,2024-06-14,Fitness Gear Promo,Parents 30-50,184701,Parents 30-50,10545,174156,36523,19557,11713,20.97,11.23,53.55,6.73
438,2024-09-29,New Product Launch,Young Adults 20-30,89618,Young Adults 20-30,7537,82081,15033,5495,5273,18.32,6.69,36.55,6.42
439,2025-05-29,Holiday Follow Up,General Audience,163265,General Audience,12256,151009,31799,13757,9264,21.06,9.11,43.26,6.14
440,2024-07-27,Beta Testing Launch,Parents 30-50,186204,Parents 30-50,9374,176830,32420,16765,1138,18.33,9.48,51.71,0.64
441,2025-02-20,Loyalty Program,Young Adults 20-30,98925,Young Adults 20-30,7558,91367,20083,3973,5135,21.98,4.35,19.78,5.62
442,2025-02-10,Major Shopping Event,Women 25-34,99560,Women 25-34,9886,89674,25813,5483,3074,28.79,6.11,21.24,3.43
443,2024-05-20,School Supplies Promo,Seniors 55+,101552,Seniors 55+,5831,95721,20396,7181,1364,21.31,7.5,35.21,1.43
444,2025-02-19,Major Shopping Event,Environment Advocates,94683,Environment Advocates,7565,87118,18709,5113,5753,21.48,5.87,27.33,6.6
445,2025-05-11,Clearance Sale,General Audience,105596,General Audience,6258,99338,29526,5251,1253,29.72,5.29,17.78,1.26
446,2025-07-16,Beta Testing Launch,Women 25-34,70961,Women 25-34,4347,66614,17654,2110,2670,26.5,3.17,11.95,4.01
447,2024-08-13,Brand Awareness,Seniors 55+,88680,Seniors 55+,5356,83324,23963,8413,1779,28.76,10.1,35.11,2.14
448,2024-07-02,Beta Testing Launch,Tech Enthusiasts 18-45,104537,Tech Enthusiasts 18-45,6976,97561,23913,3206,6359,24.51,3.29,13.41,6.52
449,2024-03-14,Clearance Sale,Young Adults 20-30,75750,Young Adults 20-30,6784,68966,11212,4538,2641,16.26,6.58,40.47,3.83
450,2024-09-16,Sustainability Product Launch,Environment Advocates,89635,Environment Advocates,4753,84882,15048,4683,3456,17.73,5.52,31.12,4.07
451,2024-08-04,Major Shopping Event,Seniors 55+,184868,Seniors 55+,11317,173551,45733,18479,4886,26.35,10.65,40.41,2.82
452,2024-10-20,Fitness Gear Promo,Women 25-34,129179,Women 25-34,9053,120126,19270,11402,3569,16.04,9.49,59.17,2.97
453,2024-10-19,Major Shopping Event,Tech Enthusiasts 18-45,181998,Tech Enthusiasts 18-45,11742,170256,39039,9930,4397,22.93,5.83,25.44,2.58
454,2025-07-27,New Product Launch,Parents 30-50,118644,Parents 30-50,8074,110570,28477,5180,4472,25.75,4.68,18.19,4.04
455,2024-03-11,School Supplies Promo,Tech Enthusiasts 18-45,179289,Tech Enthusiasts 18-45,13742,165547,41750,7277,6702,25.22,4.4,17.43,4.05
456,2024-10-04,Holiday Follow Up,Fitness Enthusiasts 18-40,143947,Fitness Enthusiasts 18-40,11767,132180,33840,8163,5195,25.6,6.18,24.12,3.93
457,2024-03-23,Beta Testing Launch,Previous Customers,196709,Previous Customers,15739,180970,47059,11576,9425,26.0,6.4,24.6,5.21
458,2025-05-07,Major Shopping Event,Environment Advocates,188368,Environment Advocates,14263,174105,50047,11369,10104,28.75,6.53,22.72,5.8
459,2024-05-29,Fitness Gear Promo,Frequent Buyers 35-50,123919,Frequent Buyers 35-50,7559,116360,24468,12231,5004,21.03,10.51,49.99,4.3
460,2024-12-29,Clearance Sale,Parents 30-50,118474,Parents 30-50,9869,108605,32473,8623,6268,29.9,7.94,26.55,5.77
461,2025-05-12,Fitness Gear Promo,Seniors 55+,104404,Seniors 55+,5615,98789,18274,9215,1636,18.5,9.33,50.43,1.66
462,2025-05-13,New Product Launch,Environment Advocates,183560,Environment Advocates,13543,170017,34248,12552,6708,20.14,7.38,36.65,3.95
463,2024-11-07,Clearance Sale,Young Adults 20-30,173475,Young Adults 20-30,12955,160520,37951,15667,5542,23.64,9.76,41.28,3.45
464,2025-05-19,Sustainability Product Launch,Young Adults 20-30,135907,Young Adults 20-30,8638,127269,21871,10819,4351,17.19,8.5,49.47,3.42
465,2024-03-20,Beta Testing Launch,Women 25-34,190691,Women 25-34,16439,174252,38386,9944,10839,22.03,5.71,25.91,6.22
466,2025-07-22,School Supplies Promo,Tech Enthusiasts 18-45,110245,Tech Enthusiasts 18-45,7487,102758,24073,3119,5398,23.43,3.04,12.96,5.25
467,2025-05-16,Seasonal Discount,Young Adults 20-30,188069,Young Adults 20-30,12212,175857,49014,17457,925,27.87,9.93,35.62,0.53
468,2024-02-24,Clearance Sale,Seniors 55+,184169,Seniors 55+,16686,167483,26111,10755,10971,15.59,6.42,41.19,6.55
469,2024-11-17,Loyalty Program,Environment Advocates,68811,Environment Advocates,3999,64812,16015,5511,2397,24.71,8.5,34.41,3.7
470,2024-08-24,Brand Awareness,Previous Customers,124834,Previous Customers,9326,115508,26509,4360,1460,22.95,3.77,16.45,1.26
471,2025-03-18,Beta Testing Launch,Fitness Enthusiasts 18-40,108849,Fitness Enthusiasts 18-40,8361,100488,17180,10049,4354,17.1,10.0,58.49,4.33
472,2024-06-17,Sustainability Product Launch,Young Professionals 25-40,64498,Young Professionals 25-40,4058,60440,17738,6020,1835,29.35,9.96,33.94,3.04
473,2024-03-14,Major Shopping Event,Tech Enthusiasts 18-45,148586,Tech Enthusiasts 18-45,10227,138359,31754,6408,3084,22.95,4.63,20.18,2.23
474,2024-02-01,Sustainability Product Launch,Tech Enthusiasts 18-45,169441,Tech Enthusiasts 18-45,13348,156093,31636,6652,7220,20.27,4.26,21.03,4.63
475,2024-10-21,Seasonal Discount,Parents 30-50,82260,Parents 30-50,5045,77215,13239,5606,2839,17.15,7.26,42.34,3.68
476,2025-04-26,Fitness Gear Promo,Previous Customers,125053,Previous Customers,9481,115572,19688,7864,935,17.04,6.8,39.94,0.81
477,2024-06-23,Holiday Follow Up,Shopaholics 25-44,144279,Shopaholics 25-44,9786,134493,24615,4317,3875,18.3,3.21,17.54,2.88
478,2025-06-19,Holiday Sales Event,Frequent Buyers 35-50,52977,Frequent Buyers 35-50,3352,49625,10303,5344,859,20.76,10.77,51.87,1.73
479,2024-08-08,Clearance Sale,Tech Enthusiasts 18-45,87811,Tech Enthusiasts 18-45,4747,83064,21178,7142,1246,25.5,8.6,33.72,1.5
480,2025-04-15,Clearance Sale,Fitness Enthusiasts 18-40,87729,Fitness Enthusiasts 18-40,4592,83137,24480,6079,1424,29.45,7.31,24.83,1.71
481,2024-08-12,Beta Testing Launch,Previous Customers,94856,Previous Customers,7639,87217,17054,8471,2095,19.55,9.71,49.67,2.4
482,2024-06-03,Fitness Gear Promo,Seniors 55+,147912,Seniors 55+,8375,139537,22718,4554,4431,16.28,3.26,20.05,3.18
483,2024-04-21,Sustainability Product Launch,Young Adults 20-30,172435,Young Adults 20-30,9273,163162,40148,6233,4067,24.61,3.82,15.53,2.49
484,2024-02-20,School Supplies Promo,Tech Enthusiasts 18-45,60088,Tech Enthusiasts 18-45,5598,54490,13713,3015,1975,25.17,5.53,21.99,3.62
485,2025-01-25,New Product Launch,Young Adults 20-30,112910,Young Adults 20-30,8090,104820,30712,10835,1302,29.3,10.34,35.28,1.24
486,2025-06-01,Beta Testing Launch,Women 25-34,92597,Women 25-34,7016,85581,25089,7862,3815,29.32,9.19,31.34,4.46
487,2024-02-09,Holiday Follow Up,Tech Enthusiasts 18-45,128866,Tech Enthusiasts 18-45,8187,120679,23693,6586,8412,19.63,5.46,27.8,6.97
488,2024-06-07,Holiday Sales Event,Shopaholics 25-44,51089,Shopaholics 25-44,2648,48441,13631,2500,3235,28.14,5.16,18.34,6.68
489,2025-02-05,Holiday Sales Event,General Audience,106915,General Audience,9049,97866,24031,4926,2833,24.56,5.03,20.5,2.9
490,2024-07-17,Holiday Sales Event,Previous Customers,169120,Previous Customers,14378,154742,25905,9193,7711,16.74,5.94,35.49,4.98
491,2025-03-31,School Supplies Promo,Previous Customers,76154,Previous Customers,5678,70476,14752,5633,1366,20.93,7.99,38.18,1.94
492,2024-09-06,Clearance Sale,Women 25-34,184580,Women 25-34,18093,166487,43349,12365,6266,26.04,7.43,28.52,3.76
493,2025-03-08,Seasonal Discount,Tech Enthusiasts 18-45,100638,Tech Enthusiasts 18-45,7917,92721,25843,10458,5730,27.87,11.28,40.47,6.18
494,2024-06-09,Clearance Sale,Seniors 55+,158138,Seniors 55+,11700,146438,40814,10208,7286,27.87,6.97,25.01,4.98
495,2025-02-24,Major Shopping Event,Environment Advocates,89197,Environment Advocates,8238,80959,14455,3218,3774,17.86,3.98,22.26,4.66
496,2024-07-12,Brand Awareness,Seniors 55+,100513,Seniors 55+,9884,90629,18514,6266,3076,20.43,6.91,33.84,3.39
497,2025-06-28,School Supplies Promo,Shopaholics 25-44,63627,Shopaholics 25-44,4872,58755,10049,3274,811,17.1,5.57,32.58,1.38
498,2024-12-11,Holiday Follow Up,Environment Advocates,57703,Environment Advocates,3200,54503,9300,3690,794,17.06,6.77,39.68,1.46
499,2025-04-17,New Product Launch,Parents 30-50,146461,Parents 30-50,12054,134407,38698,12351,4988,28.79,9.19,31.92,3.71
500,2024-03-06,Seasonal Discount,Shopaholics 25-44,101618,Shopaholics 25-44,7000,94618,16014,3000,3778,16.92,3.17,18.73,3.99
501,2024-11-26,Brand Awareness,Young Adults 20-30,135303,Young Adults 20-30,11967,123336,24171,5626,5674,19.6,4.56,23.28,4.6
502,2024-09-16,School Supplies Promo,Young Professionals 25-40,182589,Young Professionals 25-40,9590,172999,37241,12148,9702,21.53,7.02,32.62,5.61
503,2025-01-09,School Supplies Promo,Young Professionals 25-40,168839,Young Professionals 25-40,10604,158235,30807,7153,2702,19.47,4.52,23.22,1.71
504,2024-12-04,Clearance Sale,Parents 30-50,142630,Parents 30-50,7933,134697,37316,4610,2369,27.7,3.42,12.35,1.76
505,2025-03-01,Sustainability Product Launch,Women 25-34,94751,Women 25-34,7963,86788,14618,5922,4284,16.84,6.82,40.51,4.94
506,2025-01-02,New Product Launch,Parents 30-50,196057,Parents 30-50,13787,182270,32726,5948,7700,17.95,3.26,18.18,4.22
507,2025-02-12,Holiday Sales Event,Previous Customers,112660,Previous Customers,8971,103689,24171,4511,3904,23.31,4.35,18.66,3.77
508,2024-09-25,Brand Awareness,Seniors 55+,137643,Seniors 55+,7762,129881,35821,5131,5784,27.58,3.95,14.32,4.45
509,2024-09-21,Brand Awareness,Previous Customers,176532,Previous Customers,15269,161263,45804,11681,1356,28.4,7.24,25.5,0.84
510,2024-06-05,Fitness Gear Promo,Previous Customers,164228,Previous Customers,16110,148118,43400,11562,4608,29.3,7.81,26.64,3.11
511,2025-07-07,Seasonal Discount,General Audience,196091,General Audience,18621,177470,28828,16391,2968,16.24,9.24,56.86,1.67
512,2025-07-02,Holiday Follow Up,Environment Advocates,160646,Environment Advocates,12803,147843,42445,16799,5890,28.71,11.36,39.58,3.98
513,2025-06-17,Clearance Sale,Fitness Enthusiasts 18-40,177120,Fitness Enthusiasts 18-40,17544,159576,39040,4873,6688,24.47,3.05,12.48,4.19
514,2025-02-23,Sustainability Product Launch,Young Adults 20-30,177278,Young Adults 20-30,15174,162104,40356,17123,2350,24.9,10.56,42.43,1.45
515,2024-08-03,Beta Testing Launch,Tech Enthusiasts 18-45,127324,Tech Enthusiasts 18-45,10827,116497,30463,4593,1370,26.15,3.94,15.08,1.18
516,2024-09-06,Loyalty Program,Shopaholics 25-44,118684,Shopaholics 25-44,7463,111221,30132,6135,5981,27.09,5.52,20.36,5.38
517,2025-04-16,Fitness Gear Promo,Seniors 55+,64922,Seniors 55+,3586,61336,13412,2632,3445,21.87,4.29,19.62,5.62
518,2024-03-10,Brand Awareness,General Audience,56047,General Audience,3796,52251,8990,6069,3652,17.21,11.62,67.51,6.99
519,2025-02-27,Clearance Sale,Young Adults 20-30,154945,Young Adults 20-30,10207,144738,26457,13732,8271,18.28,9.49,51.9,5.71
520,2024-11-19,Brand Awareness,Parents 30-50,159007,Parents 30-50,15263,143744,22414,10858,7970,15.59,7.55,48.44,5.55
521,2024-06-23,Clearance Sale,Women 25-34,153214,Women 25-34,13790,139424,27880,16093,6404,20.0,11.54,57.72,4.59
522,2024-03-29,Major Shopping Event,Seniors 55+,102655,Seniors 55+,7485,95170,20684,7294,4002,21.73,7.66,35.26,4.21
523,2025-05-25,Holiday Follow Up,Tech Enthusiasts 18-45,177502,Tech Enthusiasts 18-45,14833,162669,27329,15432,11138,16.8,9.49,56.47,6.85
524,2024-12-04,Holiday Follow Up,Environment Advocates,120793,Environment Advocates,8538,112255,23042,4640,1290,20.53,4.13,20.14,1.15
525,2025-06-13,Brand Awareness,Women 25-34,181684,Women 25-34,13555,168129,27896,12038,10498,16.59,7.16,43.15,6.24
526,2024-02-10,Holiday Follow Up,Young Professionals 25-40,115820,Young Professionals 25-40,8749,107071,25340,8855,7095,23.67,8.27,34.94,6.63
527,2025-01-12,Sustainability Product Launch,Women 25-34,75781,Women 25-34,4372,71409,19562,6328,3502,27.4,8.86,32.35,4.91
528,2025-05-08,Holiday Follow Up,General Audience,102607,General Audience,7448,95159,26351,6237,4834,27.69,6.55,23.67,5.08
529,2025-01-28,Brand Awareness,Shopaholics 25-44,133733,Shopaholics 25-44,10110,123623,36889,12138,7773,29.84,9.82,32.9,6.29
530,2024-10-09,Holiday Follow Up,Young Professionals 25-40,173329,Young Professionals 25-40,15228,158101,37822,12066,8661,23.92,7.63,31.9,5.48
531,2024-08-25,Brand Awareness,General Audience,78061,General Audience,5260,72801,11902,8081,1673,16.35,11.1,67.9,2.3
532,2025-03-20,Beta Testing Launch,Young Professionals 25-40,161238,Young Professionals 25-40,13605,147633,34927,7984,7114,23.66,5.41,22.86,4.82
533,2025-01-28,Beta Testing Launch,Frequent Buyers 35-50,56144,Frequent Buyers 35-50,3364,52780,12846,2012,3511,24.34,3.81,15.66,6.65
534,2024-04-14,Beta Testing Launch,Previous Customers,142778,Previous Customers,11367,131411,24346,7814,7640,18.53,5.95,32.1,5.81
535,2024-07-25,Seasonal Discount,Fitness Enthusiasts 18-40,150262,Fitness Enthusiasts 18-40,13478,136784,38872,16072,8588,28.42,11.75,41.35,6.28
536,2025-01-18,Seasonal Discount,General Audience,119911,General Audience,6671,113240,17209,3741,5832,15.2,3.3,21.74,5.15
537,2025-01-31,Major Shopping Event,Parents 30-50,154146,Parents 30-50,11106,143040,30779,14643,3897,21.52,10.24,47.57,2.73
538,2024-06-17,Clearance Sale,Fitness Enthusiasts 18-40,81862,Fitness Enthusiasts 18-40,4162,77700,18438,9123,4217,23.73,11.74,49.48,5.43
539,2025-04-23,School Supplies Promo,Fitness Enthusiasts 18-40,75153,Fitness Enthusiasts 18-40,4242,70911,15553,2837,1339,21.93,4.0,18.24,1.89
540,2024-04-09,Loyalty Program,Young Professionals 25-40,73676,Young Professionals 25-40,4713,68963,17416,5032,2905,25.25,7.3,28.89,4.21
541,2025-06-13,New Product Launch,Parents 30-50,96428,Parents 30-50,7925,88503,22976,8362,4910,25.96,9.45,36.39,5.55
542,2025-01-08,Holiday Sales Event,General Audience,113905,General Audience,11044,102861,28860,11060,5399,28.06,10.75,38.32,5.25
543,2025-01-03,New Product Launch,Fitness Enthusiasts 18-40,194416,Fitness Enthusiasts 18-40,15848,178568,42375,13025,11829,23.73,7.29,30.74,6.62
544,2025-05-10,Fitness Gear Promo,General Audience,50399,General Audience,4494,45905,9759,5194,1802,21.26,11.32,53.22,3.93
545,2024-02-09,New Product Launch,Women 25-34,195417,Women 25-34,12868,182549,31170,17750,10357,17.08,9.72,56.95,5.67
546,2024-02-18,Seasonal Discount,Shopaholics 25-44,146392,Shopaholics 25-44,13534,132858,24993,9577,2129,18.81,7.21,38.32,1.6
547,2024-02-04,Major Shopping Event,Women 25-34,119946,Women 25-34,10947,108999,31392,5342,561,28.8,4.9,17.02,0.52
548,2024-04-20,School Supplies Promo,Shopaholics 25-44,119752,Shopaholics 25-44,6258,113494,20598,4464,7590,18.15,3.93,21.67,6.69
549,2025-07-20,Beta Testing Launch,Fitness Enthusiasts 18-40,147969,Fitness Enthusiasts 18-40,11995,135974,25364,7841,3763,18.65,5.77,30.91,2.77
550,2024-08-08,Loyalty Program,Frequent Buyers 35-50,121397,Frequent Buyers 35-50,6978,114419,33110,11262,4873,28.94,9.84,34.01,4.26
551,2025-02-04,Holiday Sales Event,Previous Customers,174788,Previous Customers,16195,158593,42234,7729,9768,26.63,4.87,18.3,6.16
552,2024-04-19,New Product Launch,Parents 30-50,80749,Parents 30-50,5258,75491,13505,3208,4531,17.89,4.25,23.75,6.0
553,2024-06-15,Beta Testing Launch,General Audience,127687,General Audience,7295,120392,22049,4092,6507,18.31,3.4,18.56,5.41
554,2025-02-10,New Product Launch,Shopaholics 25-44,55470,Shopaholics 25-44,4275,51195,15000,2670,1125,29.3,5.22,17.8,2.2
555,2024-02-26,Fitness Gear Promo,Frequent Buyers 35-50,160187,Frequent Buyers 35-50,10440,149747,29841,6685,1480,19.93,4.46,22.4,0.99
556,2024-02-23,Sustainability Product Launch,Shopaholics 25-44,76081,Shopaholics 25-44,6883,69198,19383,6387,4294,28.01,9.23,32.95,6.21
557,2024-02-17,Brand Awareness,Shopaholics 25-44,141979,Shopaholics 25-44,11212,130767,34898,11666,6925,26.69,8.92,33.43,5.3
558,2024-02-26,Major Shopping Event,Fitness Enthusiasts 18-40,83148,Fitness Enthusiasts 18-40,5846,77302,14751,4413,4989,19.08,5.71,29.92,6.45
559,2025-01-25,Holiday Follow Up,Seniors 55+,155025,Seniors 55+,12936,142089,28414,5137,8367,20.0,3.62,18.08,5.89
560,2024-08-26,Seasonal Discount,General Audience,63742,General Audience,4698,59044,12195,4291,321,20.66,7.27,35.19,0.55
561,2024-11-09,Holiday Follow Up,Parents 30-50,139780,Parents 30-50,9945,129835,26784,15110,7820,20.63,11.64,56.41,6.02
562,2025-04-19,Brand Awareness,Young Professionals 25-40,139819,Young Professionals 25-40,9898,129921,22172,4077,4641,17.07,3.14,18.39,3.57
563,2024-08-26,Brand Awareness,Seniors 55+,139462,Seniors 55+,13386,126076,21231,9414,3894,16.84,7.47,44.34,3.09
564,2024-10-05,Beta Testing Launch,Parents 30-50,70707,Parents 30-50,4261,66446,18246,6949,2026,27.46,10.46,38.09,3.05
565,2025-04-13,Holiday Sales Event,Seniors 55+,111060,Seniors 55+,9665,101395,16242,3270,2906,16.02,3.23,20.13,2.87
566,2024-06-03,Brand Awareness,Frequent Buyers 35-50,81681,Frequent Buyers 35-50,6241,75440,22412,7904,798,29.71,10.48,35.27,1.06
567,2024-03-29,School Supplies Promo,Shopaholics 25-44,103927,Shopaholics 25-44,7726,96201,25115,7774,2305,26.11,8.08,30.95,2.4
568,2024-08-01,New Product Launch,Young Adults 20-30,176515,Young Adults 20-30,17479,159036,28397,16968,8284,17.86,10.67,59.75,5.21
569,2024-04-26,Loyalty Program,Seniors 55+,165158,Seniors 55+,13707,151451,31132,17020,6934,20.56,11.24,54.67,4.58
570,2024-07-21,Sustainability Product Launch,Fitness Enthusiasts 18-40,144306,Fitness Enthusiasts 18-40,11340,132966,36575,14804,9232,27.51,11.13,40.48,6.94
571,2025-01-31,Sustainability Product Launch,Frequent Buyers 35-50,156482,Frequent Buyers 35-50,13791,142691,42311,8250,4621,29.65,5.78,19.5,3.24
572,2025-06-28,Major Shopping Event,Shopaholics 25-44,66039,Shopaholics 25-44,6496,59543,15603,3048,1380,26.21,5.12,19.53,2.32
573,2024-04-05,Sustainability Product Launch,Fitness Enthusiasts 18-40,82202,Fitness Enthusiasts 18-40,6881,75321,19770,5848,2290,26.25,7.77,29.58,3.04
574,2024-07-24,New Product Launch,Environment Advocates,123924,Environment Advocates,10504,113420,30427,6250,6234,26.83,5.51,20.54,5.5
575,2024-02-06,Fitness Gear Promo,Environment Advocates,160363,Environment Advocates,14800,145563,22407,15280,2748,15.39,10.5,68.19,1.89
576,2024-06-18,Major Shopping Event,Young Adults 20-30,120805,Young Adults 20-30,7871,112934,28515,6053,4037,25.25,5.36,21.23,3.57
577,2025-01-04,Sustainability Product Launch,Parents 30-50,139082,Parents 30-50,9186,129896,35342,14731,8142,27.21,11.34,41.68,6.27
578,2025-07-04,Holiday Sales Event,Shopaholics 25-44,61927,Shopaholics 25-44,5578,56349,13581,2892,2505,24.1,5.13,21.29,4.45
579,2024-07-01,Brand Awareness,Women 25-34,51681,Women 25-34,3488,48193,13135,5359,2910,27.26,11.12,40.8,6.04
580,2025-02-20,Beta Testing Launch,Frequent Buyers 35-50,66819,Frequent Buyers 35-50,5563,61256,11890,6538,1077,19.41,10.67,54.99,1.76
581,2025-04-04,Sustainability Product Launch,Tech Enthusiasts 18-45,134694,Tech Enthusiasts 18-45,11482,123212,26847,12684,1516,21.79,10.29,47.25,1.23
582,2024-06-10,School Supplies Promo,Tech Enthusiasts 18-45,130863,Tech Enthusiasts 18-45,6696,124167,37216,5970,5193,29.97,4.81,16.04,4.18
583,2025-04-04,New Product Launch,Previous Customers,154122,Previous Customers,12239,141883,22382,15482,4118,15.78,10.91,69.17,2.9
584,2024-06-08,Sustainability Product Launch,Environment Advocates,76262,Environment Advocates,3979,72283,19823,3635,4019,27.42,5.03,18.34,5.56
585,2025-03-02,Loyalty Program,Young Adults 20-30,135654,Young Adults 20-30,8728,126926,22692,6544,4656,17.88,5.16,28.84,3.67
586,2024-07-15,Seasonal Discount,Young Adults 20-30,79952,Young Adults 20-30,7386,72566,14358,6730,1261,19.79,9.27,46.87,1.74
587,2024-09-04,School Supplies Promo,Young Adults 20-30,191880,Young Adults 20-30,16753,175127,38456,11407,8728,21.96,6.51,29.66,4.98
588,2025-01-20,Sustainability Product Launch,Young Professionals 25-40,157307,Young Professionals 25-40,8804,148503,40948,11387,2763,27.57,7.67,27.81,1.86
589,2024-05-17,Holiday Sales Event,Parents 30-50,152749,Parents 30-50,13286,139463,25634,15272,9648,18.38,10.95,59.58,6.92
590,2024-10-01,Seasonal Discount,Tech Enthusiasts 18-45,189311,Tech Enthusiasts 18-45,12344,176967,43325,10482,6223,24.48,5.92,24.19,3.52
591,2025-02-28,Fitness Gear Promo,Young Professionals 25-40,198983,Young Professionals 25-40,14297,184686,37955,13765,7277,20.55,7.45,36.27,3.94
592,2024-12-14,Holiday Follow Up,Seniors 55+,162465,Seniors 55+,10358,152107,23337,15590,4682,15.34,10.25,66.8,3.08
593,2024-12-26,Brand Awareness,Tech Enthusiasts 18-45,158179,Tech Enthusiasts 18-45,13804,144375,28759,16704,8754,19.92,11.57,58.08,6.06
594,2024-05-20,Brand Awareness,Previous Customers,89847,Previous Customers,7932,81915,15422,4597,2124,18.83,5.61,29.81,2.59
595,2025-01-27,Holiday Follow Up,Young Professionals 25-40,191699,Young Professionals 25-40,13673,178026,51085,15202,3707,28.7,8.54,29.76,2.08
596,2025-03-24,School Supplies Promo,Young Professionals 25-40,64094,Young Professionals 25-40,5169,58925,11253,3345,3993,19.1,5.68,29.73,6.78
597,2025-05-08,Beta Testing Launch,Tech Enthusiasts 18-45,51635,Tech Enthusiasts 18-45,4223,47412,11277,2558,1685,23.79,5.4,22.68,3.56
598,2024-06-09,School Supplies Promo,Tech Enthusiasts 18-45,93063,Tech Enthusiasts 18-45,7457,85606,25517,7540,2267,29.81,8.81,29.55,2.65
599,2025-05-20,Fitness Gear Promo,Women 25-34,116042,Women 25-34,7249,108793,27575,8917,2965,25.35,8.2,32.34,2.73
600,2025-02-04,Major Shopping Event,Shopaholics 25-44,177483,Shopaholics 25-44,10366,167117,29089,5352,2022,17.41,3.2,18.4,1.21
601,2024-12-13,Holiday Sales Event,Tech Enthusiasts 18-45,164446,Tech Enthusiasts 18-45,10374,154072,31230,17556,2399,20.27,11.39,56.22,1.56
602,2024-03-23,New Product Launch,Environment Advocates,155525,Environment Advocates,9201,146324,31924,14498,6073,21.82,9.91,45.41,4.15
603,2024-04-28,School Supplies Promo,Women 25-34,148962,Women 25-34,13674,135288,26722,6746,2995,19.75,4.99,25.25,2.21
604,2024-10-10,Major Shopping Event,Shopaholics 25-44,79233,Shopaholics 25-44,4522,74711,19568,3621,549,26.19,4.85,18.5,0.74
605,2025-05-13,Brand Awareness,Parents 30-50,100669,Parents 30-50,5670,94999,25098,9261,1410,26.42,9.75,36.9,1.48
606,2025-03-20,Clearance Sale,Women 25-34,54489,Women 25-34,4273,50216,14772,3840,2914,29.42,7.65,26.0,5.8
607,2024-05-26,School Supplies Promo,Fitness Enthusiasts 18-40,151197,Fitness Enthusiasts 18-40,8749,142448,41835,17012,3702,29.37,11.94,40.66,2.6
608,2025-04-03,School Supplies Promo,Shopaholics 25-44,189151,Shopaholics 25-44,16250,172901,37740,20665,4339,21.83,11.95,54.76,2.51
609,2025-05-07,New Product Launch,Shopaholics 25-44,132771,Shopaholics 25-44,10628,122143,29534,10544,4519,24.18,8.63,35.7,3.7
610,2025-03-02,School Supplies Promo,Parents 30-50,177922,Parents 30-50,17013,160909,30250,11320,8811,18.8,7.04,37.42,5.48
611,2024-07-07,School Supplies Promo,Previous Customers,148085,Previous Customers,10400,137685,23425,12785,8033,17.01,9.29,54.58,5.84
612,2024-10-16,Holiday Sales Event,Environment Advocates,173163,Environment Advocates,8778,164385,37769,11599,2787,22.98,7.06,30.71,1.7
613,2024-06-27,Brand Awareness,Fitness Enthusiasts 18-40,157563,Fitness Enthusiasts 18-40,10906,146657,29317,6913,4859,19.99,4.71,23.58,3.31
614,2024-02-12,Holiday Sales Event,General Audience,112459,General Audience,8096,104363,24589,3284,2286,23.56,3.15,13.36,2.19
615,2024-08-02,Clearance Sale,Young Professionals 25-40,189376,Young Professionals 25-40,15142,174234,37660,18338,9260,21.62,10.53,48.69,5.31
616,2024-11-06,Holiday Sales Event,Women 25-34,175039,Women 25-34,14013,161026,43152,17495,1732,26.8,10.86,40.54,1.08
617,2024-07-09,Holiday Sales Event,Parents 30-50,168609,Parents 30-50,15973,152636,30736,15800,2921,20.14,10.35,51.41,1.91
618,2025-05-08,Fitness Gear Promo,Young Adults 20-30,99424,Young Adults 20-30,5398,94026,17989,4836,6281,19.13,5.14,26.88,6.68
619,2025-04-24,Sustainability Product Launch,Young Adults 20-30,60105,Young Adults 20-30,4899,55206,14887,4244,681,26.97,7.69,28.51,1.23
620,2024-02-16,Fitness Gear Promo,General Audience,175108,General Audience,16219,158889,27138,8152,5659,17.08,5.13,30.04,3.56
621,2024-07-01,Holiday Sales Event,Young Adults 20-30,71090,Young Adults 20-30,5562,65528,17387,4637,873,26.53,7.08,26.67,1.33
622,2024-03-01,New Product Launch,Tech Enthusiasts 18-45,57407,Tech Enthusiasts 18-45,4941,52466,14335,5497,3547,27.32,10.48,38.35,6.76
623,2024-04-09,Beta Testing Launch,Frequent Buyers 35-50,180677,Frequent Buyers 35-50,14243,166434,43057,15937,994,25.87,9.58,37.01,0.6
624,2024-12-10,Fitness Gear Promo,Young Professionals 25-40,60035,Young Professionals 25-40,5198,54837,11984,6044,3729,21.85,11.02,50.43,6.8
625,2025-01-22,New Product Launch,Previous Customers,196051,Previous Customers,18203,177848,29137,10420,4090,16.38,5.86,35.76,2.3
626,2024-05-25,Brand Awareness,Tech Enthusiasts 18-45,71579,Tech Enthusiasts 18-45,6536,65043,18951,2956,945,29.14,4.55,15.6,1.45
627,2024-05-08,Brand Awareness,Previous Customers,100410,Previous Customers,9767,90643,25265,10678,1551,27.87,11.78,42.26,1.71
628,2024-12-19,School Supplies Promo,Previous Customers,107234,Previous Customers,6747,100487,20026,11928,4555,19.93,11.87,59.56,4.53
629,2025-01-30,Sustainability Product Launch,Tech Enthusiasts 18-45,80574,Tech Enthusiasts 18-45,5766,74808,22284,7480,4141,29.79,10.0,33.57,5.54
630,2025-01-09,Seasonal Discount,Fitness Enthusiasts 18-40,79255,Fitness Enthusiasts 18-40,7274,71981,12106,7147,3899,16.82,9.93,59.04,5.42
631,2025-04-13,Holiday Sales Event,Seniors 55+,110543,Seniors 55+,6094,104449,28608,4991,5609,27.39,4.78,17.45,5.37
632,2024-09-02,School Supplies Promo,Young Professionals 25-40,166902,Young Professionals 25-40,13219,153683,25349,14803,9690,16.49,9.63,58.4,6.31
633,2025-06-08,New Product Launch,Shopaholics 25-44,61284,Shopaholics 25-44,3902,57382,15672,3912,652,27.31,6.82,24.96,1.14
634,2025-03-28,Major Shopping Event,Seniors 55+,124563,Seniors 55+,8900,115663,24117,10418,1950,20.85,9.01,43.2,1.69
635,2024-04-10,Seasonal Discount,Shopaholics 25-44,196403,Shopaholics 25-44,12301,184102,46930,19796,9026,25.49,10.75,42.18,4.9
636,2024-11-30,Clearance Sale,Previous Customers,179792,Previous Customers,13105,166687,31499,11416,9333,18.9,6.85,36.24,5.6
637,2025-07-15,Sustainability Product Launch,Parents 30-50,121927,Parents 30-50,8135,113792,33994,3741,5846,29.87,3.29,11.0,5.14
638,2024-08-21,Sustainability Product Launch,Fitness Enthusiasts 18-40,183693,Fitness Enthusiasts 18-40,13164,170529,32629,18337,10206,19.13,10.75,56.2,5.99
639,2025-04-11,Clearance Sale,Previous Customers,62486,Previous Customers,4220,58266,15579,3427,3707,26.74,5.88,22.0,6.36
640,2024-04-23,Holiday Sales Event,Fitness Enthusiasts 18-40,77395,Fitness Enthusiasts 18-40,4382,73013,20852,5656,1914,28.56,7.75,27.12,2.62
641,2024-12-20,Clearance Sale,Young Professionals 25-40,172375,Young Professionals 25-40,11513,160862,26826,9181,3499,16.68,5.71,34.22,2.18
642,2024-07-14,Clearance Sale,Environment Advocates,123355,Environment Advocates,9398,113957,27065,3791,5085,23.75,3.33,14.01,4.46
643,2025-03-23,Fitness Gear Promo,Seniors 55+,103573,Seniors 55+,9104,94469,24829,4395,2802,26.28,4.65,17.7,2.97
644,2024-11-27,Brand Awareness,Previous Customers,97590,Previous Customers,9048,88542,24715,9984,3728,27.91,11.28,40.4,4.21
645,2024-03-09,Holiday Follow Up,Environment Advocates,136442,Environment Advocates,11424,125018,23856,7362,7928,19.08,5.89,30.86,6.34
646,2024-12-14,Holiday Sales Event,Tech Enthusiasts 18-45,54594,Tech Enthusiasts 18-45,4142,50452,12254,2943,2378,24.29,5.83,24.02,4.71
647,2024-08-29,Major Shopping Event,Seniors 55+,176593,Seniors 55+,9077,167516,45677,15606,7694,27.27,9.32,34.17,4.59
648,2025-02-08,Holiday Follow Up,Previous Customers,132913,Previous Customers,7579,125334,26149,9122,8735,20.86,7.28,34.88,6.97
649,2024-10-08,Loyalty Program,Environment Advocates,82167,Environment Advocates,5457,76710,18234,2969,1772,23.77,3.87,16.28,2.31
650,2025-05-14,Beta Testing Launch,Fitness Enthusiasts 18-40,184503,Fitness Enthusiasts 18-40,14969,169534,38545,15441,3459,22.74,9.11,40.06,2.04
651,2025-03-24,Major Shopping Event,Parents 30-50,166292,Parents 30-50,9945,156347,41298,12794,7652,26.41,8.18,30.98,4.89
652,2025-06-09,Fitness Gear Promo,Young Adults 20-30,136213,Young Adults 20-30,9168,127045,20119,13766,1873,15.84,10.84,68.42,1.47
653,2024-06-21,Loyalty Program,Tech Enthusiasts 18-45,77066,Tech Enthusiasts 18-45,7497,69569,16213,7536,2313,23.31,10.83,46.48,3.33
654,2025-01-14,School Supplies Promo,Young Professionals 25-40,149038,Young Professionals 25-40,11583,137455,31463,9087,7700,22.89,6.61,28.88,5.6
655,2025-02-09,Holiday Sales Event,Previous Customers,112115,Previous Customers,11178,100937,24625,8482,2420,24.4,8.4,34.44,2.4
656,2024-06-26,Loyalty Program,Seniors 55+,95058,Seniors 55+,8768,86290,19095,8978,2604,22.13,10.4,47.02,3.02
657,2025-01-30,Major Shopping Event,Parents 30-50,190140,Parents 30-50,15149,174991,51966,17459,8547,29.7,9.98,33.6,4.88
658,2024-04-13,Brand Awareness,Women 25-34,184636,Women 25-34,10386,174250,51681,17572,11565,29.66,10.08,34.0,6.64
659,2024-04-20,Holiday Sales Event,General Audience,140141,General Audience,10051,130090,30658,12501,1787,23.57,9.61,40.78,1.37
660,2024-02-14,New Product Launch,Tech Enthusiasts 18-45,90439,Tech Enthusiasts 18-45,6658,83781,14905,6002,1556,17.79,7.16,40.27,1.86
661,2024-07-09,Seasonal Discount,Seniors 55+,145112,Seniors 55+,10755,134357,27194,7001,3067,20.24,5.21,25.74,2.28
662,2024-07-29,Loyalty Program,Previous Customers,124027,Previous Customers,9061,114966,20425,3808,4372,17.77,3.31,18.64,3.8
663,2024-09-18,Seasonal Discount,Tech Enthusiasts 18-45,89100,Tech Enthusiasts 18-45,7826,81274,17515,3432,1983,21.55,4.22,19.59,2.44
664,2025-04-12,Fitness Gear Promo,Previous Customers,120737,Previous Customers,11754,108983,21665,4147,7171,19.88,3.81,19.14,6.58
665,2024-03-29,Brand Awareness,Frequent Buyers 35-50,159531,Frequent Buyers 35-50,12112,147419,24635,16268,6140,16.71,11.04,66.04,4.17
666,2024-08-20,New Product Launch,Parents 30-50,191982,Parents 30-50,14229,177753,37812,11525,6184,21.27,6.48,30.48,3.48
667,2024-05-26,Major Shopping Event,Tech Enthusiasts 18-45,54324,Tech Enthusiasts 18-45,4507,49817,10862,4739,1208,21.81,9.51,43.63,2.43
668,2024-03-15,Loyalty Program,Young Adults 20-30,69761,Young Adults 20-30,4525,65236,18284,6875,1427,28.03,10.54,37.6,2.19
669,2025-02-18,Seasonal Discount,Women 25-34,167860,Women 25-34,15570,152290,26926,16615,5153,17.68,10.91,61.71,3.38
670,2025-03-03,Loyalty Program,Parents 30-50,66916,Parents 30-50,3403,63513,17506,2321,1487,27.56,3.66,13.26,2.34
671,2024-09-22,Seasonal Discount,Environment Advocates,101053,Environment Advocates,7077,93976,19893,3271,4808,21.17,3.48,16.44,5.12
672,2024-06-26,Holiday Sales Event,Tech Enthusiasts 18-45,189904,Tech Enthusiasts 18-45,16170,173734,26080,10667,10675,15.01,6.14,40.9,6.14
673,2024-05-18,Major Shopping Event,Shopaholics 25-44,144519,Shopaholics 25-44,12606,131913,22092,11116,5519,16.75,8.43,50.32,4.18
674,2024-06-05,School Supplies Promo,Young Professionals 25-40,158654,Young Professionals 25-40,11505,147149,23443,15289,7149,15.93,10.39,65.22,4.86
675,2024-11-18,Loyalty Program,Shopaholics 25-44,195309,Shopaholics 25-44,15327,179982,29533,19770,1555,16.41,10.98,66.94,0.86
676,2024-05-17,Loyalty Program,Seniors 55+,121436,Seniors 55+,11622,109814,30466,11698,4740,27.74,10.65,38.4,4.32
677,2024-11-03,Fitness Gear Promo,Parents 30-50,87440,Parents 30-50,7149,80291,21936,6785,4760,27.32,8.45,30.93,5.93
678,2025-02-15,Major Shopping Event,Fitness Enthusiasts 18-40,141569,Fitness Enthusiasts 18-40,13850,127719,20241,11618,1761,15.85,9.1,57.4,1.38
679,2024-03-23,Holiday Follow Up,Women 25-34,58732,Women 25-34,5000,53732,9323,2570,918,17.35,4.78,27.57,1.71
680,2024-07-29,Sustainability Product Launch,Tech Enthusiasts 18-45,102009,Tech Enthusiasts 18-45,6144,95865,14737,9134,5192,15.37,9.53,61.98,5.42
681,2025-02-16,Beta Testing Launch,Frequent Buyers 35-50,134247,Frequent Buyers 35-50,11766,122481,32667,12672,7531,26.67,10.35,38.79,6.15
682,2025-03-17,Holiday Follow Up,General Audience,66468,General Audience,5593,60875,15936,3956,412,26.18,6.5,24.82,0.68
683,2024-05-12,Holiday Follow Up,Shopaholics 25-44,56047,Shopaholics 25-44,5545,50502,13662,5885,3033,27.05,11.65,43.08,6.01
684,2025-07-11,Seasonal Discount,Environment Advocates,157626,Environment Advocates,13010,144616,28048,13098,5280,19.4,9.06,46.7,3.65
685,2025-01-18,Holiday Sales Event,Women 25-34,156471,Women 25-34,11863,144608,22808,10205,8608,15.77,7.06,44.74,5.95
686,2025-03-25,Holiday Follow Up,Tech Enthusiasts 18-45,108945,Tech Enthusiasts 18-45,10342,98603,16699,10773,4378,16.94,10.93,64.51,4.44
687,2024-05-22,Holiday Follow Up,Tech Enthusiasts 18-45,118135,Tech Enthusiasts 18-45,11597,106538,29591,7462,3052,27.78,7.0,25.22,2.87
688,2024-09-18,Seasonal Discount,Fitness Enthusiasts 18-40,98334,Fitness Enthusiasts 18-40,5656,92678,18736,9738,5759,20.22,10.51,51.97,6.21
689,2025-02-10,Major Shopping Event,Young Professionals 25-40,144509,Young Professionals 25-40,8219,136290,28889,7399,4117,21.2,5.43,25.61,3.02
690,2024-11-24,Holiday Follow Up,Shopaholics 25-44,144972,Shopaholics 25-44,10742,134230,37503,11543,9258,27.94,8.6,30.78,6.9
691,2024-03-30,Loyalty Program,Parents 30-50,185693,Parents 30-50,10417,175276,42978,13773,3617,24.52,7.86,32.05,2.06
692,2024-11-28,Sustainability Product Launch,Shopaholics 25-44,64656,Shopaholics 25-44,5425,59231,17177,6652,4023,29.0,11.23,38.73,6.79
693,2024-08-07,School Supplies Promo,Environment Advocates,194940,Environment Advocates,14004,180936,48761,20357,3814,26.95,11.25,41.75,2.11
694,2025-07-24,Sustainability Product Launch,Parents 30-50,146863,Parents 30-50,13784,133079,37611,9878,9064,28.26,7.42,26.26,6.81
695,2024-07-20,Loyalty Program,Parents 30-50,175304,Parents 30-50,12161,163143,41079,19140,8714,25.18,11.73,46.59,5.34
696,2025-04-02,Fitness Gear Promo,Shopaholics 25-44,80687,Shopaholics 25-44,6550,74137,17956,6254,2871,24.22,8.44,34.83,3.87
697,2025-03-18,Loyalty Program,Previous Customers,63265,Previous Customers,4481,58784,15627,5438,2091,26.58,9.25,34.8,3.56
698,2024-06-17,Holiday Follow Up,Fitness Enthusiasts 18-40,88440,Fitness Enthusiasts 18-40,7642,80798,15543,4703,3727,19.24,5.82,30.26,4.61
699,2025-06-13,Major Shopping Event,Previous Customers,159148,Previous Customers,15018,144130,39811,13090,2659,27.62,9.08,32.88,1.85
700,2025-07-25,Clearance Sale,Seniors 55+,101293,Seniors 55+,5156,96137,26252,8631,2256,27.31,8.98,32.88,2.35
701,2025-04-16,Major Shopping Event,General Audience,73847,General Audience,4254,69593,13454,2361,3072,19.33,3.39,17.55,4.41
702,2024-11-20,Seasonal Discount,Fitness Enthusiasts 18-40,168411,Fitness Enthusiasts 18-40,9762,158649,44009,5711,10497,27.74,3.6,12.98,6.62
703,2024-11-08,Beta Testing Launch,Previous Customers,190893,Previous Customers,16558,174335,46389,13816,11505,26.61,7.93,29.78,6.6
704,2024-11-04,Fitness Gear Promo,Shopaholics 25-44,111553,Shopaholics 25-44,10399,101154,29156,9885,3674,28.82,9.77,33.9,3.63
705,2025-05-18,Fitness Gear Promo,Parents 30-50,153744,Parents 30-50,7747,145997,40079,4912,4423,27.45,3.36,12.26,3.03
706,2024-09-19,Sustainability Product Launch,Previous Customers,157888,Previous Customers,9274,148614,33133,10177,3741,22.3,6.85,30.72,2.52
707,2025-02-24,Holiday Follow Up,Women 25-34,117291,Women 25-34,9328,107963,23793,6334,3056,22.04,5.87,26.62,2.83
708,2024-09-13,Loyalty Program,Seniors 55+,172982,Seniors 55+,12489,160493,34251,10301,6234,21.34,6.42,30.08,3.88
709,2024-08-19,Holiday Sales Event,Frequent Buyers 35-50,116510,Frequent Buyers 35-50,10911,105599,21490,4032,707,20.35,3.82,18.76,0.67
710,2024-02-11,Clearance Sale,General Audience,125067,General Audience,9838,115229,29592,8349,6843,25.68,7.25,28.21,5.94
711,2024-02-18,New Product Launch,Shopaholics 25-44,117772,Shopaholics 25-44,10173,107599,26542,8158,5492,24.67,7.58,30.74,5.1
712,2024-08-18,Seasonal Discount,General Audience,65904,General Audience,5084,60820,13260,4470,2681,21.8,7.35,33.71,4.41
713,2025-05-16,Holiday Follow Up,Women 25-34,76824,Women 25-34,6229,70595,20261,5730,3747,28.7,8.12,28.28,5.31
714,2024-06-12,Beta Testing Launch,Frequent Buyers 35-50,79795,Frequent Buyers 35-50,6905,72890,12752,4309,3280,17.49,5.91,33.79,4.5
715,2024-08-05,New Product Launch,Young Professionals 25-40,82077,Young Professionals 25-40,5017,77060,12812,5356,5170,16.63,6.95,41.8,6.71
716,2024-09-11,Brand Awareness,Shopaholics 25-44,95463,Shopaholics 25-44,6220,89243,26317,8414,3080,29.49,9.43,31.97,3.45
717,2025-06-17,Seasonal Discount,Frequent Buyers 35-50,57103,Frequent Buyers 35-50,3979,53124,15783,6084,2440,29.71,11.45,38.55,4.59
718,2024-07-05,Holiday Follow Up,General Audience,199199,General Audience,13374,185825,42449,6831,3667,22.84,3.68,16.09,1.97
719,2024-06-29,Loyalty Program,Fitness Enthusiasts 18-40,95790,Fitness Enthusiasts 18-40,7872,87918,16171,7234,5780,18.39,8.23,44.73,6.57
720,2024-12-06,New Product Launch,Previous Customers,57514,Previous Customers,4091,53423,8453,3712,1934,15.82,6.95,43.91,3.62
721,2025-01-06,Clearance Sale,General Audience,89315,General Audience,7087,82228,15141,4561,701,18.41,5.55,30.12,0.85
722,2025-02-12,Holiday Follow Up,Shopaholics 25-44,100431,Shopaholics 25-44,9620,90811,26971,2879,5236,29.7,3.17,10.67,5.77
723,2024-02-20,New Product Launch,Frequent Buyers 35-50,168658,Frequent Buyers 35-50,14853,153805,33389,9333,2473,21.71,6.07,27.95,1.61
724,2024-03-04,Loyalty Program,Shopaholics 25-44,65052,Shopaholics 25-44,3345,61707,13621,6264,4232,22.07,10.15,45.99,6.86
725,2025-04-17,Clearance Sale,Fitness Enthusiasts 18-40,56514,Fitness Enthusiasts 18-40,5402,51112,10624,6004,2365,20.79,11.75,56.51,4.63
726,2024-09-14,Fitness Gear Promo,Young Professionals 25-40,89830,Young Professionals 25-40,6315,83515,20637,7886,1782,24.71,9.44,38.21,2.13
727,2024-10-08,Major Shopping Event,Young Professionals 25-40,80229,Young Professionals 25-40,7595,72634,11101,3479,4199,15.28,4.79,31.34,5.78
728,2024-06-10,Beta Testing Launch,Tech Enthusiasts 18-45,131939,Tech Enthusiasts 18-45,9062,122877,32890,5580,4681,26.77,4.54,16.97,3.81
729,2025-01-24,Major Shopping Event,Young Professionals 25-40,169906,Young Professionals 25-40,9899,160007,31089,9276,9105,19.43,5.8,29.84,5.69
730,2024-08-18,Sustainability Product Launch,Environment Advocates,102350,Environment Advocates,5919,96431,27314,9107,639,28.33,9.44,33.34,0.66
731,2025-05-28,Holiday Follow Up,Shopaholics 25-44,82488,Shopaholics 25-44,8176,74312,20373,8710,4454,27.42,11.72,42.75,5.99
732,2025-02-14,Loyalty Program,Shopaholics 25-44,186148,Shopaholics 25-44,18234,167914,36512,16772,3218,21.74,9.99,45.94,1.92
733,2024-11-02,Brand Awareness,General Audience,186019,General Audience,10931,175088,34543,19331,9814,19.73,11.04,55.96,5.61
734,2024-01-31,Seasonal Discount,Young Adults 20-30,163713,Young Adults 20-30,9742,153971,24273,16969,4387,15.76,11.02,69.91,2.85
735,2024-02-01,School Supplies Promo,Young Adults 20-30,141137,Young Adults 20-30,8071,133066,37466,11676,3062,28.16,8.78,31.16,2.3
736,2024-11-04,Beta Testing Launch,Frequent Buyers 35-50,134736,Frequent Buyers 35-50,12887,121849,26673,6112,1361,21.89,5.02,22.91,1.12
737,2025-02-11,Seasonal Discount,Young Adults 20-30,114377,Young Adults 20-30,8396,105981,20549,7361,5653,19.39,6.95,35.82,5.33
738,2025-05-08,Loyalty Program,Parents 30-50,91404,Parents 30-50,7322,84082,17432,5479,1153,20.73,6.52,31.43,1.37
739,2024-05-16,Seasonal Discount,General Audience,162349,General Audience,14161,148188,23527,8537,6007,15.88,5.76,36.29,4.05
740,2024-12-10,Loyalty Program,Tech Enthusiasts 18-45,93304,Tech Enthusiasts 18-45,9109,84195,22332,3357,551,26.52,3.99,15.03,0.66
741,2024-12-27,Brand Awareness,Shopaholics 25-44,89674,Shopaholics 25-44,6447,83227,21348,6101,4275,25.65,7.33,28.58,5.14
742,2024-08-06,New Product Launch,Parents 30-50,69267,Parents 30-50,4037,65230,14377,7521,1837,22.04,11.53,52.31,2.82
743,2024-09-24,Seasonal Discount,Young Professionals 25-40,121505,Young Professionals 25-40,9655,111850,28277,3856,4476,25.28,3.45,13.64,4.0
744,2025-07-28,Sustainability Product Launch,Previous Customers,191559,Previous Customers,15604,175955,29989,12109,12218,17.04,6.88,40.38,6.94
745,2024-06-21,Clearance Sale,Tech Enthusiasts 18-45,98047,Tech Enthusiasts 18-45,6299,91748,23050,8502,4080,25.12,9.27,36.89,4.45
746,2024-05-11,Loyalty Program,Young Professionals 25-40,131732,Young Professionals 25-40,7314,124418,34949,4150,5491,28.09,3.34,11.87,4.41
747,2024-06-01,Seasonal Discount,Environment Advocates,80507,Environment Advocates,6633,73874,17912,7716,2933,24.25,10.45,43.08,3.97
748,2025-03-29,Clearance Sale,Shopaholics 25-44,91649,Shopaholics 25-44,4917,86732,20428,5397,3789,23.55,6.22,26.42,4.37
749,2025-07-14,Seasonal Discount,Fitness Enthusiasts 18-40,142791,Fitness Enthusiasts 18-40,11016,131775,36726,4529,2100,27.87,3.44,12.33,1.59
750,2025-02-25,Seasonal Discount,Previous Customers,129540,Previous Customers,8378,121162,20364,6206,8030,16.81,5.12,30.48,6.63
751,2024-02-22,Sustainability Product Launch,Frequent Buyers 35-50,186082,Frequent Buyers 35-50,18216,167866,32531,6490,4011,19.38,3.87,19.95,2.39
752,2024-05-10,New Product Launch,Fitness Enthusiasts 18-40,149423,Fitness Enthusiasts 18-40,13606,135817,26695,5540,8070,19.66,4.08,20.75,5.94
753,2024-04-23,Seasonal Discount,Fitness Enthusiasts 18-40,101730,Fitness Enthusiasts 18-40,9777,91953,17637,5355,2559,19.18,5.82,30.36,2.78
754,2025-03-19,Brand Awareness,Fitness Enthusiasts 18-40,151779,Fitness Enthusiasts 18-40,8011,143768,26269,16904,5321,18.27,11.76,64.35,3.7
755,2025-06-17,New Product Launch,Parents 30-50,73118,Parents 30-50,3920,69198,20664,6241,2721,29.86,9.02,30.2,3.93
756,2024-12-04,Holiday Sales Event,Parents 30-50,95476,Parents 30-50,6130,89346,17489,6567,4790,19.58,7.35,37.55,5.36
757,2025-04-27,Fitness Gear Promo,Shopaholics 25-44,70032,Shopaholics 25-44,4564,65468,11410,7670,3203,17.43,11.72,67.22,4.89
758,2024-07-29,Holiday Sales Event,Tech Enthusiasts 18-45,50394,Tech Enthusiasts 18-45,4843,45551,13366,1925,1974,29.34,4.23,14.4,4.33
759,2024-10-15,Beta Testing Launch,Seniors 55+,52820,Seniors 55+,4650,48170,11549,5501,2550,23.98,11.42,47.63,5.3
760,2025-05-25,Holiday Sales Event,General Audience,154742,General Audience,12133,142609,40462,6587,5312,28.37,4.62,16.28,3.73
761,2025-05-06,School Supplies Promo,Environment Advocates,184575,Environment Advocates,14546,170029,42768,13295,6231,25.15,7.82,31.09,3.67
762,2024-02-21,Seasonal Discount,Shopaholics 25-44,62695,Shopaholics 25-44,4464,58231,14613,6361,1673,25.1,10.92,43.53,2.87
763,2024-10-14,Loyalty Program,Previous Customers,94382,Previous Customers,9011,85371,24369,5381,840,28.55,6.3,22.08,0.98
764,2024-10-25,Brand Awareness,Shopaholics 25-44,72477,Shopaholics 25-44,6993,65484,15191,2384,1571,23.2,3.64,15.69,2.4
765,2025-06-11,Beta Testing Launch,Seniors 55+,188873,Seniors 55+,16314,172559,47100,5187,8723,27.3,3.01,11.01,5.06
766,2024-10-14,Loyalty Program,Young Professionals 25-40,53670,Young Professionals 25-40,5304,48366,9661,5038,1256,19.97,10.42,52.15,2.6
767,2025-06-05,Beta Testing Launch,Shopaholics 25-44,67494,Shopaholics 25-44,3411,64083,9902,5084,1364,15.45,7.93,51.34,2.13
768,2024-06-22,School Supplies Promo,Women 25-34,142099,Women 25-34,7884,134215,26214,6486,6835,19.53,4.83,24.74,5.09
769,2024-12-08,Loyalty Program,Young Adults 20-30,141109,Young Adults 20-30,14023,127086,33492,4366,8695,26.35,3.44,13.04,6.84
770,2024-11-21,Fitness Gear Promo,General Audience,113777,General Audience,8851,104926,26127,8446,2612,24.9,8.05,32.33,2.49
771,2024-10-15,Brand Awareness,Tech Enthusiasts 18-45,181864,Tech Enthusiasts 18-45,16154,165710,36095,5452,8677,21.78,3.29,15.1,5.24
772,2025-03-16,Holiday Sales Event,Shopaholics 25-44,78756,Shopaholics 25-44,6758,71998,12629,6823,1428,17.54,9.48,54.03,1.98
773,2024-04-06,Holiday Sales Event,Young Adults 20-30,188080,Young Adults 20-30,12428,175652,49969,15776,8862,28.45,8.98,31.57,5.05
774,2024-11-16,School Supplies Promo,Shopaholics 25-44,192409,Shopaholics 25-44,19207,173202,41143,12334,5328,23.75,7.12,29.98,3.08
775,2024-03-06,New Product Launch,Previous Customers,142010,Previous Customers,11530,130480,31540,7158,7933,24.17,5.49,22.69,6.08
776,2025-07-26,Sustainability Product Launch,Fitness Enthusiasts 18-40,55331,Fitness Enthusiasts 18-40,3109,52222,9578,4516,3625,18.34,8.65,47.15,6.94
777,2025-02-04,New Product Launch,General Audience,139932,General Audience,11412,128520,29063,9124,8675,22.61,7.1,31.39,6.75
778,2024-04-09,Holiday Sales Event,Tech Enthusiasts 18-45,136874,Tech Enthusiasts 18-45,13664,123210,36898,13937,7014,29.95,11.31,37.77,5.69
779,2025-02-16,Clearance Sale,Fitness Enthusiasts 18-40,90110,Fitness Enthusiasts 18-40,7350,82760,19315,7080,3653,23.34,8.56,36.66,4.42
780,2025-02-02,School Supplies Promo,Fitness Enthusiasts 18-40,113020,Fitness Enthusiasts 18-40,8280,104740,29058,5249,1432,27.74,5.01,18.06,1.37
781,2024-02-22,New Product Launch,Frequent Buyers 35-50,76070,Frequent Buyers 35-50,5194,70876,14986,3346,4954,21.14,4.72,22.33,6.99
782,2025-04-02,Seasonal Discount,Women 25-34,66256,Women 25-34,4725,61531,13394,2651,1743,21.77,4.31,19.79,2.83
783,2024-02-28,Holiday Sales Event,Previous Customers,120887,Previous Customers,11316,109571,18832,8242,1714,17.19,7.52,43.77,1.56
784,2024-12-14,Brand Awareness,Young Professionals 25-40,50073,Young Professionals 25-40,2888,47185,9719,3162,3030,20.6,6.7,32.53,6.42
785,2025-03-31,Fitness Gear Promo,Young Professionals 25-40,98004,Young Professionals 25-40,7968,90036,18356,10489,3683,20.39,11.65,57.14,4.09
786,2024-06-17,Holiday Sales Event,Frequent Buyers 35-50,170720,Frequent Buyers 35-50,9125,161595,44676,5312,6816,27.65,3.29,11.89,4.22
787,2024-09-21,New Product Launch,Shopaholics 25-44,118274,Shopaholics 25-44,9477,108797,25653,12062,2944,23.58,11.09,47.02,2.71
788,2025-07-19,Beta Testing Launch,General Audience,193338,General Audience,17095,176243,42869,13422,1360,24.32,7.62,31.31,0.77
789,2024-11-27,Beta Testing Launch,Frequent Buyers 35-50,133576,Frequent Buyers 35-50,10612,122964,31120,9782,978,25.31,7.96,31.43,0.8
790,2024-12-26,Fitness Gear Promo,Previous Customers,174725,Previous Customers,14392,160333,44160,14954,2334,27.54,9.33,33.86,1.46
791,2025-06-26,Holiday Sales Event,Frequent Buyers 35-50,51371,Frequent Buyers 35-50,3774,47597,9928,3711,1314,20.86,7.8,37.38,2.76
792,2024-07-26,New Product Launch,Young Adults 20-30,128619,Young Adults 20-30,9738,118881,24264,8565,1242,20.41,7.21,35.3,1.05
793,2024-12-20,Fitness Gear Promo,General Audience,186132,General Audience,11640,174492,27823,10428,6205,15.95,5.98,37.48,3.56
794,2024-10-04,Fitness Gear Promo,Frequent Buyers 35-50,108078,Frequent Buyers 35-50,6647,101431,21939,11336,1916,21.63,11.18,51.67,1.89
795,2025-01-04,School Supplies Promo,Women 25-34,198116,Women 25-34,13512,184604,53762,13380,12339,29.12,7.25,24.89,6.68
796,2024-03-01,Loyalty Program,Young Professionals 25-40,171206,Young Professionals 25-40,12476,158730,25119,16156,4497,15.83,10.18,64.32,2.83
797,2024-10-22,Sustainability Product Launch,Fitness Enthusiasts 18-40,180897,Fitness Enthusiasts 18-40,16572,164325,46792,15631,3858,28.48,9.51,33.41,2.35
798,2025-05-23,Holiday Sales Event,Tech Enthusiasts 18-45,166276,Tech Enthusiasts 18-45,15114,151162,28719,9854,7376,19.0,6.52,34.31,4.88
799,2024-05-18,Loyalty Program,Frequent Buyers 35-50,128674,Frequent Buyers 35-50,6632,122042,22397,6918,3617,18.35,5.67,30.89,2.96
800,2024-12-24,Holiday Follow Up,Young Professionals 25-40,170093,Young Professionals 25-40,8544,161549,47170,10289,1253,29.2,6.37,21.81,0.78
801,2025-04-27,Holiday Sales Event,Environment Advocates,63841,Environment Advocates,5848,57993,15326,6173,862,26.43,10.64,40.28,1.49
802,2025-03-16,Loyalty Program,Young Adults 20-30,152201,Young Adults 20-30,13305,138896,35082,4876,9536,25.26,3.51,13.9,6.87
803,2024-12-12,Clearance Sale,Tech Enthusiasts 18-45,78277,Tech Enthusiasts 18-45,7291,70986,20412,8154,3874,28.76,11.49,39.95,5.46
804,2025-06-26,Loyalty Program,Frequent Buyers 35-50,97413,Frequent Buyers 35-50,5327,92086,27078,6387,3003,29.41,6.94,23.59,3.26
805,2024-02-29,Clearance Sale,Young Professionals 25-40,159970,Young Professionals 25-40,8181,151789,26076,12077,7469,17.18,7.96,46.31,4.92
806,2025-06-26,Sustainability Product Launch,Young Professionals 25-40,140050,Young Professionals 25-40,11285,128765,32697,7868,1257,25.39,6.11,24.06,0.98
807,2024-02-15,Brand Awareness,General Audience,160922,General Audience,15601,145321,37830,6019,3887,26.03,4.14,15.91,2.68
808,2024-08-07,Brand Awareness,Young Adults 20-30,177712,Young Adults 20-30,12834,164878,44530,13703,4239,27.01,8.31,30.77,2.57
809,2024-12-28,Sustainability Product Launch,Seniors 55+,139872,Seniors 55+,9143,130729,22217,8729,2406,16.99,6.68,39.29,1.84
810,2025-02-12,Clearance Sale,Young Adults 20-30,107990,Young Adults 20-30,5746,102244,19820,8011,2366,19.39,7.84,40.42,2.31
811,2024-11-23,Major Shopping Event,Parents 30-50,85617,Parents 30-50,6615,79002,22413,8580,1152,28.37,10.86,38.28,1.46
812,2025-04-02,Beta Testing Launch,Young Adults 20-30,135795,Young Adults 20-30,8401,127394,30831,7996,2032,24.2,6.28,25.93,1.6
813,2024-03-07,Loyalty Program,Environment Advocates,51124,Environment Advocates,4767,46357,9186,2281,1693,19.82,4.92,24.83,3.65
814,2024-09-22,Fitness Gear Promo,Fitness Enthusiasts 18-40,72217,Fitness Enthusiasts 18-40,4319,67898,18116,3941,1939,26.68,5.8,21.75,2.86
815,2024-02-05,Fitness Gear Promo,Fitness Enthusiasts 18-40,145413,Fitness Enthusiasts 18-40,10521,134892,38929,14881,5339,28.86,11.03,38.23,3.96
816,2024-05-02,New Product Launch,Young Adults 20-30,157458,Young Adults 20-30,12330,145128,31495,14920,9617,21.7,10.28,47.37,6.63
817,2025-01-12,Beta Testing Launch,Young Professionals 25-40,131480,Young Professionals 25-40,9900,121580,25578,4482,8309,21.04,3.69,17.52,6.83
818,2025-02-26,Sustainability Product Launch,Frequent Buyers 35-50,192907,Frequent Buyers 35-50,16539,176368,34448,16654,3536,19.53,9.44,48.35,2.01
819,2025-07-15,Brand Awareness,Parents 30-50,185447,Parents 30-50,10602,174845,42306,20926,7273,24.2,11.97,49.46,4.16
820,2024-11-07,Beta Testing Launch,Previous Customers,102243,Previous Customers,7086,95157,27281,3589,2958,28.67,3.77,13.16,3.11
821,2024-04-26,Fitness Gear Promo,Tech Enthusiasts 18-45,171069,Tech Enthusiasts 18-45,17067,154002,43689,9409,785,28.37,6.11,21.54,0.51
822,2025-02-28,Major Shopping Event,Environment Advocates,53292,Environment Advocates,3322,49970,10890,4371,2034,21.79,8.75,40.14,4.07
823,2025-06-02,New Product Launch,Shopaholics 25-44,90112,Shopaholics 25-44,5615,84497,23698,9438,714,28.05,11.17,39.83,0.85
824,2024-10-12,Beta Testing Launch,Parents 30-50,169786,Parents 30-50,11736,158050,30052,13075,1827,19.01,8.27,43.51,1.16
825,2024-11-14,Loyalty Program,Frequent Buyers 35-50,120859,Frequent Buyers 35-50,7414,113445,20214,4914,6509,17.82,4.33,24.31,5.74
826,2025-01-18,Sustainability Product Launch,General Audience,118915,General Audience,7066,111849,33193,9505,6449,29.68,8.5,28.64,5.77
827,2024-04-12,Major Shopping Event,Previous Customers,162255,Previous Customers,11427,150828,26660,16590,9838,17.68,11.0,62.23,6.52
828,2024-02-05,Loyalty Program,Tech Enthusiasts 18-45,53162,Tech Enthusiasts 18-45,5114,48048,11974,2402,3194,24.92,5.0,20.06,6.65
829,2024-07-11,Holiday Sales Event,Frequent Buyers 35-50,183876,Frequent Buyers 35-50,15935,167941,48869,18957,10537,29.1,11.29,38.79,6.27
830,2024-12-12,Holiday Follow Up,Young Professionals 25-40,139812,Young Professionals 25-40,13253,126559,32439,5027,1538,25.63,3.97,15.5,1.22
831,2024-11-25,New Product Launch,Parents 30-50,125450,Parents 30-50,7538,117912,28815,8359,5206,24.44,7.09,29.01,4.42
832,2025-07-17,Sustainability Product Launch,Tech Enthusiasts 18-45,92110,Tech Enthusiasts 18-45,7867,84243,15548,7200,2051,18.46,8.55,46.31,2.43
833,2024-02-12,Holiday Follow Up,Shopaholics 25-44,57406,Shopaholics 25-44,5462,51944,13430,2711,1049,25.86,5.22,20.19,2.02
834,2024-05-02,New Product Launch,Shopaholics 25-44,121699,Shopaholics 25-44,9654,112045,19541,4829,3699,17.44,4.31,24.71,3.3
835,2025-03-10,New Product Launch,Young Professionals 25-40,90918,Young Professionals 25-40,9054,81864,18648,7015,1369,22.78,8.57,37.62,1.67
836,2024-06-22,Beta Testing Launch,Frequent Buyers 35-50,195240,Frequent Buyers 35-50,16278,178962,30213,10185,4260,16.88,5.69,33.71,2.38
837,2025-04-29,Clearance Sale,General Audience,61936,General Audience,5188,56748,14339,6216,2834,25.27,10.95,43.35,4.99
838,2024-08-27,School Supplies Promo,Young Adults 20-30,90147,Young Adults 20-30,8962,81185,22812,7567,5074,28.1,9.32,33.17,6.25
839,2025-07-25,Beta Testing Launch,Previous Customers,79764,Previous Customers,6262,73502,19537,5814,2682,26.58,7.91,29.76,3.65
840,2024-12-21,School Supplies Promo,Women 25-34,185548,Women 25-34,15514,170034,39397,13841,2590,23.17,8.14,35.13,1.52
841,2024-11-22,Holiday Follow Up,Frequent Buyers 35-50,65593,Frequent Buyers 35-50,6001,59592,13017,4342,784,21.84,7.29,33.36,1.32
842,2025-07-05,School Supplies Promo,Fitness Enthusiasts 18-40,68125,Fitness Enthusiasts 18-40,6245,61880,14953,5071,635,24.17,8.2,33.91,1.03
843,2025-05-16,Fitness Gear Promo,Tech Enthusiasts 18-45,165818,Tech Enthusiasts 18-45,16320,149498,30143,10318,4243,20.16,6.9,34.23,2.84
844,2025-02-17,Brand Awareness,Seniors 55+,170043,Seniors 55+,13621,156422,37080,7207,5454,23.71,4.61,19.44,3.49
845,2024-05-25,Clearance Sale,Environment Advocates,65016,Environment Advocates,3977,61039,15476,1928,2886,25.36,3.16,12.46,4.73
846,2024-07-12,Major Shopping Event,Women 25-34,140654,Women 25-34,9899,130755,33176,9083,5549,25.37,6.95,27.38,4.24
847,2024-12-18,Loyalty Program,Fitness Enthusiasts 18-40,94006,Fitness Enthusiasts 18-40,6298,87708,25061,5584,4894,28.57,6.37,22.28,5.58
848,2024-03-26,Clearance Sale,Young Adults 20-30,150811,Young Adults 20-30,10622,140189,33276,5498,775,23.74,3.92,16.52,0.55
849,2024-03-03,School Supplies Promo,General Audience,156087,General Audience,12269,143818,23114,8371,8490,16.07,5.82,36.22,5.9
850,2024-12-05,Holiday Sales Event,Fitness Enthusiasts 18-40,184317,Fitness Enthusiasts 18-40,9357,174960,30608,12213,5759,17.49,6.98,39.9,3.29
851,2024-04-07,Holiday Follow Up,General Audience,52266,General Audience,3812,48454,14355,3563,3282,29.63,7.36,24.82,6.77
852,2025-06-12,Fitness Gear Promo,Environment Advocates,115855,Environment Advocates,9019,106836,18251,4707,1449,17.08,4.41,25.79,1.36
853,2024-03-31,Fitness Gear Promo,Fitness Enthusiasts 18-40,75348,Fitness Enthusiasts 18-40,5686,69662,10527,4637,2733,15.11,6.66,44.05,3.92
854,2025-05-20,Major Shopping Event,General Audience,103752,General Audience,7347,96405,24374,6150,4043,25.28,6.38,25.23,4.19
855,2024-02-07,Seasonal Discount,Fitness Enthusiasts 18-40,183789,Fitness Enthusiasts 18-40,16480,167309,46567,10903,3186,27.83,6.52,23.41,1.9
856,2025-01-18,Beta Testing Launch,Young Adults 20-30,184427,Young Adults 20-30,18063,166364,34788,8112,999,20.91,4.88,23.32,0.6
857,2024-10-18,Seasonal Discount,Tech Enthusiasts 18-45,142303,Tech Enthusiasts 18-45,7239,135064,35087,11217,8061,25.98,8.31,31.97,5.97
858,2024-05-15,Beta Testing Launch,Tech Enthusiasts 18-45,72400,Tech Enthusiasts 18-45,7021,65379,10446,5978,1314,15.98,9.14,57.23,2.01
859,2024-02-26,Fitness Gear Promo,Young Adults 20-30,178643,Young Adults 20-30,16078,162565,31538,15359,2049,19.4,9.45,48.7,1.26
860,2024-08-03,Beta Testing Launch,Environment Advocates,59395,Environment Advocates,3618,55777,11212,1804,1961,20.1,3.23,16.09,3.52
861,2025-02-14,Loyalty Program,Environment Advocates,134977,Environment Advocates,9194,125783,36116,5794,4909,28.71,4.61,16.04,3.9
862,2024-12-06,School Supplies Promo,Previous Customers,144177,Previous Customers,9275,134902,37292,13222,7359,27.64,9.8,35.46,5.46
863,2024-02-02,Fitness Gear Promo,Seniors 55+,159875,Seniors 55+,13567,146308,27518,17002,8453,18.81,11.62,61.79,5.78
864,2024-10-05,Holiday Sales Event,General Audience,193454,General Audience,13316,180138,52653,6393,11376,29.23,3.55,12.14,6.32
865,2024-07-29,Brand Awareness,Frequent Buyers 35-50,124997,Frequent Buyers 35-50,8370,116627,33002,11594,7208,28.3,9.94,35.13,6.18
866,2024-06-27,Beta Testing Launch,Young Professionals 25-40,109697,Young Professionals 25-40,9152,100545,22913,10372,5044,22.79,10.32,45.27,5.02
867,2024-12-26,Beta Testing Launch,Fitness Enthusiasts 18-40,102252,Fitness Enthusiasts 18-40,5331,96921,26397,9979,3894,27.24,10.3,37.8,4.02
868,2024-05-26,Brand Awareness,General Audience,79742,General Audience,7887,71855,19301,7362,1911,26.86,10.25,38.14,2.66
869,2024-05-29,School Supplies Promo,Young Adults 20-30,80063,Young Adults 20-30,5824,74239,17403,8525,4070,23.44,11.48,48.99,5.48
870,2024-09-27,Holiday Sales Event,Women 25-34,159838,Women 25-34,10822,149016,35146,12586,3626,23.59,8.45,35.81,2.43
871,2024-05-22,Seasonal Discount,Seniors 55+,102525,Seniors 55+,6271,96254,23939,11311,920,24.87,11.75,47.25,0.96
872,2025-04-25,Major Shopping Event,Seniors 55+,80892,Seniors 55+,6539,74353,16875,7977,2756,22.7,10.73,47.27,3.71
873,2024-07-11,Major Shopping Event,Parents 30-50,83266,Parents 30-50,6905,76361,15170,6609,5310,19.87,8.66,43.57,6.96
874,2025-01-18,Beta Testing Launch,Parents 30-50,178020,Parents 30-50,13650,164370,46419,10057,1449,28.24,6.12,21.67,0.88
875,2024-08-03,Major Shopping Event,Women 25-34,114207,Women 25-34,6176,108031,21422,3518,3477,19.83,3.26,16.42,3.22
876,2025-07-12,Sustainability Product Launch,Seniors 55+,195554,Seniors 55+,16270,179284,47454,8836,7013,26.47,4.93,18.62,3.91
877,2025-05-12,Holiday Sales Event,Environment Advocates,164994,Environment Advocates,16224,148770,25806,14519,9988,17.35,9.76,56.26,6.71
878,2025-03-01,Sustainability Product Launch,Fitness Enthusiasts 18-40,198882,Fitness Enthusiasts 18-40,15190,183692,47037,11795,12594,25.61,6.42,25.08,6.86
879,2024-04-18,Sustainability Product Launch,Young Adults 20-30,162006,Young Adults 20-30,12279,149727,30033,5108,3288,20.06,3.41,17.01,2.2
880,2024-11-06,Holiday Sales Event,Environment Advocates,155196,Environment Advocates,12954,142242,31771,12984,7401,22.34,9.13,40.87,5.2
881,2024-07-20,Major Shopping Event,Young Adults 20-30,187844,Young Adults 20-30,9470,178374,41993,5885,10074,23.54,3.3,14.01,5.65
882,2024-04-03,Sustainability Product Launch,Frequent Buyers 35-50,138013,Frequent Buyers 35-50,13716,124297,31570,4930,5258,25.4,3.97,15.62,4.23
883,2024-05-16,Major Shopping Event,General Audience,73236,General Audience,4686,68550,17205,6474,2532,25.1,9.44,37.63,3.69
884,2024-07-09,Sustainability Product Launch,Frequent Buyers 35-50,135235,Frequent Buyers 35-50,7632,127603,28659,15167,8241,22.46,11.89,52.92,6.46
885,2024-07-18,Sustainability Product Launch,General Audience,97595,General Audience,8214,89381,21924,4234,843,24.53,4.74,19.31,0.94
886,2024-10-17,Seasonal Discount,Previous Customers,64879,Previous Customers,3939,60940,15183,6329,3124,24.92,10.39,41.68,5.13
887,2024-11-09,Seasonal Discount,Tech Enthusiasts 18-45,77760,Tech Enthusiasts 18-45,6244,71516,18985,7249,2839,26.55,10.14,38.18,3.97
888,2024-09-22,Brand Awareness,Parents 30-50,62820,Parents 30-50,5106,57714,14756,2574,324,25.57,4.46,17.44,0.56
889,2024-06-01,Clearance Sale,Women 25-34,73748,Women 25-34,3763,69985,12745,5930,970,18.21,8.47,46.53,1.39
890,2024-11-13,Holiday Follow Up,Young Professionals 25-40,107154,Young Professionals 25-40,7326,99828,21252,3837,5888,21.29,3.84,18.05,5.9
891,2025-01-11,Seasonal Discount,Frequent Buyers 35-50,117128,Frequent Buyers 35-50,8109,109019,18629,7674,2072,17.09,7.04,41.19,1.9
892,2024-12-30,School Supplies Promo,Seniors 55+,122941,Seniors 55+,8871,114070,17163,13513,6514,15.05,11.85,78.73,5.71
893,2024-03-22,Fitness Gear Promo,Previous Customers,99375,Previous Customers,9911,89464,25490,7362,5793,28.49,8.23,28.88,6.48
894,2024-09-10,Loyalty Program,Environment Advocates,193065,Environment Advocates,10111,182954,34738,9759,6933,18.99,5.33,28.09,3.79
895,2025-03-24,Seasonal Discount,Fitness Enthusiasts 18-40,113839,Fitness Enthusiasts 18-40,10006,103833,25534,9301,4596,24.59,8.96,36.43,4.43
896,2024-11-11,Holiday Follow Up,Parents 30-50,58017,Parents 30-50,5216,52801,15112,4338,1128,28.62,8.22,28.71,2.14
897,2024-03-06,New Product Launch,Shopaholics 25-44,154505,Shopaholics 25-44,13112,141393,41156,16286,4716,29.11,11.52,39.57,3.34
898,2024-09-26,Major Shopping Event,Young Professionals 25-40,119695,Young Professionals 25-40,11734,107961,23787,8512,5719,22.03,7.88,35.78,5.3
899,2025-01-31,Loyalty Program,Shopaholics 25-44,136996,Shopaholics 25-44,8313,128683,22979,4177,8813,17.86,3.25,18.18,6.85
900,2024-08-30,Beta Testing Launch,Frequent Buyers 35-50,63113,Frequent Buyers 35-50,5497,57616,14711,4173,2743,25.53,7.24,28.37,4.76
901,2025-01-25,Fitness Gear Promo,Fitness Enthusiasts 18-40,183288,Fitness Enthusiasts 18-40,13872,169416,49340,7087,10692,29.12,4.18,14.36,6.31
902,2024-12-24,Sustainability Product Launch,Fitness Enthusiasts 18-40,166804,Fitness Enthusiasts 18-40,14663,152141,42558,17396,8038,27.97,11.43,40.88,5.28
903,2024-05-23,School Supplies Promo,Parents 30-50,93731,Parents 30-50,8111,85620,13147,4344,4269,15.36,5.07,33.04,4.99
904,2025-05-27,Major Shopping Event,Environment Advocates,149965,Environment Advocates,12632,137333,31346,12399,8894,22.83,9.03,39.56,6.48
905,2024-02-27,Major Shopping Event,Tech Enthusiasts 18-45,188211,Tech Enthusiasts 18-45,12001,176210,38114,16647,6495,21.63,9.45,43.68,3.69
906,2024-11-02,Fitness Gear Promo,Fitness Enthusiasts 18-40,193827,Fitness Enthusiasts 18-40,17600,176227,31839,9277,9781,18.07,5.26,29.14,5.55
907,2024-09-29,Seasonal Discount,Environment Advocates,176870,Environment Advocates,12567,164303,35791,11275,9283,21.78,6.86,31.5,5.65
908,2024-12-28,New Product Launch,Women 25-34,80563,Women 25-34,5720,74843,13753,5984,3645,18.38,8.0,43.51,4.87
909,2025-06-17,Major Shopping Event,Seniors 55+,121567,Seniors 55+,10376,111191,25016,6138,767,22.5,5.52,24.54,0.69
910,2024-08-03,Seasonal Discount,Seniors 55+,76381,Seniors 55+,4610,71771,16684,3226,3276,23.25,4.5,19.34,4.57
911,2025-03-20,Holiday Sales Event,Young Professionals 25-40,199748,Young Professionals 25-40,11689,188059,51629,8104,9796,27.45,4.31,15.7,5.21
912,2025-01-02,Seasonal Discount,Shopaholics 25-44,138368,Shopaholics 25-44,10250,128118,38141,4074,2020,29.77,3.18,10.68,1.58
913,2024-09-16,Loyalty Program,Young Adults 20-30,80462,Young Adults 20-30,5354,75108,12941,8492,1433,17.23,11.31,65.62,1.91
914,2024-11-28,Clearance Sale,Parents 30-50,191001,Parents 30-50,18309,172692,40824,10689,3638,23.64,6.19,26.18,2.11
915,2024-05-07,Brand Awareness,Environment Advocates,151596,Environment Advocates,13256,138340,35229,12511,1030,25.47,9.04,35.51,0.75
916,2025-01-16,School Supplies Promo,Shopaholics 25-44,135266,Shopaholics 25-44,7382,127884,20561,6855,2001,16.08,5.36,33.34,1.57
917,2024-09-25,Loyalty Program,Previous Customers,67615,Previous Customers,3564,64051,17035,1943,1938,26.6,3.03,11.41,3.03
918,2024-04-30,Clearance Sale,Women 25-34,177903,Women 25-34,16505,161398,38518,16381,7173,23.87,10.15,42.53,4.44
919,2025-04-12,Fitness Gear Promo,Women 25-34,120064,Women 25-34,11725,108339,19340,8159,1891,17.85,7.53,42.19,1.75
920,2024-08-21,Sustainability Product Launch,Frequent Buyers 35-50,152981,Frequent Buyers 35-50,12928,140053,26625,11257,1092,19.01,8.04,42.28,0.78
921,2024-06-03,New Product Launch,Young Adults 20-30,63627,Young Adults 20-30,4662,58965,9360,3695,2470,15.87,6.27,39.48,4.19
922,2025-03-30,Brand Awareness,Young Professionals 25-40,111985,Young Professionals 25-40,7073,104912,21698,6859,7343,20.68,6.54,31.61,7.0
923,2024-06-04,New Product Launch,Parents 30-50,99041,Parents 30-50,8482,90559,15340,4383,5524,16.94,4.84,28.57,6.1
924,2025-05-20,School Supplies Promo,Shopaholics 25-44,160922,Shopaholics 25-44,9413,151509,31625,13171,2223,20.87,8.69,41.65,1.47
925,2024-09-15,Holiday Sales Event,Previous Customers,57431,Previous Customers,3940,53491,8155,1644,2543,15.25,3.07,20.16,4.75
926,2024-11-09,Clearance Sale,Previous Customers,122570,Previous Customers,9345,113225,25691,13586,2935,22.69,12.0,52.88,2.59
927,2024-11-08,Beta Testing Launch,Shopaholics 25-44,163274,Shopaholics 25-44,11772,151502,42870,9561,10572,28.3,6.31,22.3,6.98
928,2024-09-04,Sustainability Product Launch,Young Professionals 25-40,141143,Young Professionals 25-40,8956,132187,23089,7199,2602,17.47,5.45,31.18,1.97
929,2025-07-31,Holiday Follow Up,Young Adults 20-30,94385,Young Adults 20-30,6241,88144,26392,8503,1411,29.94,9.65,32.22,1.6
930,2025-04-11,Loyalty Program,Shopaholics 25-44,93970,Shopaholics 25-44,6772,87198,21414,5767,3940,24.56,6.61,26.93,4.52
931,2024-05-26,Major Shopping Event,Young Professionals 25-40,136624,Young Professionals 25-40,9936,126688,34238,9380,6479,27.03,7.4,27.4,5.11
932,2024-09-12,Beta Testing Launch,Fitness Enthusiasts 18-40,50808,Fitness Enthusiasts 18-40,4441,46367,12403,2486,1269,26.75,5.36,20.04,2.74
933,2025-02-01,Loyalty Program,General Audience,177864,General Audience,13988,163876,46964,18277,10704,28.66,11.15,38.92,6.53
934,2024-09-28,Sustainability Product Launch,General Audience,162546,General Audience,10536,152010,25436,5600,8003,16.73,3.68,22.02,5.27
935,2024-11-08,Fitness Gear Promo,Seniors 55+,69283,Seniors 55+,5369,63914,11256,5407,2255,17.61,8.46,48.04,3.53
936,2025-03-17,Holiday Follow Up,Frequent Buyers 35-50,53836,Frequent Buyers 35-50,4527,49309,13509,5495,3138,27.4,11.15,40.68,6.37
937,2024-08-05,Holiday Sales Event,Seniors 55+,84025,Seniors 55+,7917,76108,22551,3720,1028,29.63,4.89,16.5,1.35
938,2024-11-06,New Product Launch,Frequent Buyers 35-50,186660,Frequent Buyers 35-50,10937,175723,38966,8089,7414,22.18,4.6,20.76,4.22
939,2025-02-23,Seasonal Discount,Women 25-34,88862,Women 25-34,4977,83885,20010,9799,3878,23.85,11.68,48.97,4.62
940,2024-11-26,Clearance Sale,Frequent Buyers 35-50,165192,Frequent Buyers 35-50,8505,156687,27929,13039,871,17.83,8.32,46.69,0.56
941,2024-02-11,Major Shopping Event,Young Adults 20-30,138450,Young Adults 20-30,7822,130628,35936,13547,4577,27.51,10.37,37.7,3.5
942,2024-06-05,Holiday Sales Event,Young Professionals 25-40,153594,Young Professionals 25-40,11750,141844,34432,4716,8997,24.27,3.33,13.7,6.34
943,2025-05-03,Sustainability Product Launch,Parents 30-50,75965,Parents 30-50,6573,69392,19646,5340,3544,28.31,7.7,27.18,5.11
944,2025-01-21,Loyalty Program,General Audience,50987,General Audience,5074,45913,13653,5331,920,29.74,11.61,39.05,2.0
945,2024-05-06,School Supplies Promo,Tech Enthusiasts 18-45,141005,Tech Enthusiasts 18-45,12429,128576,19429,13921,3445,15.11,10.83,71.65,2.68
946,2024-03-22,Seasonal Discount,Tech Enthusiasts 18-45,109591,Tech Enthusiasts 18-45,6863,102728,20889,5602,5292,20.33,5.45,26.82,5.15
947,2024-11-09,Sustainability Product Launch,Young Adults 20-30,100256,Young Adults 20-30,7834,92422,21865,10897,2188,23.66,11.79,49.84,2.37
948,2024-02-09,Beta Testing Launch,Previous Customers,104281,Previous Customers,8379,95902,14974,3337,5601,15.61,3.48,22.29,5.84
949,2024-11-11,School Supplies Promo,Young Professionals 25-40,139469,Young Professionals 25-40,9216,130253,23569,13456,6575,18.1,10.33,57.09,5.05
950,2024-05-19,Loyalty Program,Frequent Buyers 35-50,172117,Frequent Buyers 35-50,15055,157062,34080,10198,5891,21.7,6.49,29.92,3.75
951,2025-03-31,Clearance Sale,General Audience,111371,General Audience,8762,102609,28503,11886,3494,27.78,11.58,41.7,3.41
952,2024-08-02,Holiday Follow Up,Women 25-34,153597,Women 25-34,9922,143675,34932,7004,9304,24.31,4.88,20.05,6.48
953,2024-09-20,Seasonal Discount,General Audience,71182,General Audience,4286,66896,11360,3309,1310,16.98,4.95,29.13,1.96
954,2024-07-20,Fitness Gear Promo,Previous Customers,186800,Previous Customers,17951,168849,38589,13865,11301,22.85,8.21,35.93,6.69
955,2024-09-30,Clearance Sale,General Audience,115531,General Audience,9007,106524,19135,4099,5139,17.96,3.85,21.42,4.82
956,2024-03-03,Beta Testing Launch,Tech Enthusiasts 18-45,177044,Tech Enthusiasts 18-45,15852,161192,25978,18228,10509,16.12,11.31,70.17,6.52
957,2024-08-09,Holiday Sales Event,Previous Customers,193928,Previous Customers,17670,176258,29515,16142,9656,16.75,9.16,54.69,5.48
958,2025-03-17,Major Shopping Event,Environment Advocates,82092,Environment Advocates,7129,74963,22347,4081,4323,29.81,5.45,18.26,5.77
959,2024-07-29,School Supplies Promo,Tech Enthusiasts 18-45,157628,Tech Enthusiasts 18-45,8716,148912,36548,11670,8186,24.54,7.84,31.93,5.5
960,2024-10-14,Sustainability Product Launch,Seniors 55+,115920,Seniors 55+,6717,109203,22742,11455,6974,20.83,10.49,50.37,6.39
961,2025-02-05,Major Shopping Event,Environment Advocates,177294,Environment Advocates,10296,166998,35558,11389,11065,21.29,6.82,32.03,6.63
962,2025-07-23,School Supplies Promo,Previous Customers,77678,Previous Customers,6104,71574,14601,2585,3916,20.4,3.61,17.7,5.47
963,2024-07-11,Beta Testing Launch,Fitness Enthusiasts 18-40,176867,Fitness Enthusiasts 18-40,14440,162427,44762,18356,4782,27.56,11.3,41.01,2.94
964,2025-01-03,Seasonal Discount,Shopaholics 25-44,149961,Shopaholics 25-44,7911,142050,35684,9634,6029,25.12,6.78,27.0,4.24
965,2024-06-29,Holiday Follow Up,Parents 30-50,77448,Parents 30-50,6805,70643,11765,7139,1605,16.65,10.11,60.68,2.27
966,2025-02-09,Clearance Sale,General Audience,196553,General Audience,14705,181848,53687,11359,6343,29.52,6.25,21.16,3.49
967,2024-09-23,Loyalty Program,Tech Enthusiasts 18-45,188069,Tech Enthusiasts 18-45,9620,178449,27829,18766,4113,15.6,10.52,67.43,2.3
968,2024-07-30,Fitness Gear Promo,Parents 30-50,129829,Parents 30-50,10472,119357,31733,8485,2667,26.59,7.11,26.74,2.23
969,2024-08-29,Holiday Follow Up,Tech Enthusiasts 18-45,131516,Tech Enthusiasts 18-45,10204,121312,33461,10599,6518,27.58,8.74,31.68,5.37
970,2025-04-26,Brand Awareness,Seniors 55+,152294,Seniors 55+,15155,137139,35661,10860,7557,26.0,7.92,30.45,5.51
971,2024-02-14,Holiday Follow Up,Shopaholics 25-44,56584,Shopaholics 25-44,4918,51666,13091,4762,1381,25.34,9.22,36.38,2.67
972,2024-05-14,Clearance Sale,General Audience,175300,General Audience,14983,160317,29241,7756,7082,18.24,4.84,26.52,4.42
973,2025-05-21,Brand Awareness,Parents 30-50,187987,Parents 30-50,17851,170136,37664,15379,10958,22.14,9.04,40.83,6.44
974,2024-05-11,Loyalty Program,Fitness Enthusiasts 18-40,98109,Fitness Enthusiasts 18-40,7165,90944,16660,9563,5835,18.32,10.52,57.4,6.42
975,2025-03-29,Seasonal Discount,Young Adults 20-30,106624,Young Adults 20-30,8082,98542,17308,5285,2511,17.56,5.36,30.54,2.55
976,2025-01-27,Seasonal Discount,Previous Customers,189078,Previous Customers,11505,177573,47939,11407,8367,27.0,6.42,23.79,4.71
977,2024-05-05,Holiday Sales Event,Young Adults 20-30,131809,Young Adults 20-30,12452,119357,27557,10912,1213,23.09,9.14,39.6,1.02
978,2024-02-02,Clearance Sale,Tech Enthusiasts 18-45,53126,Tech Enthusiasts 18-45,2845,50281,9444,3769,2378,18.78,7.5,39.91,4.73
979,2025-07-10,Beta Testing Launch,Environment Advocates,54080,Environment Advocates,4805,49275,7766,4214,1777,15.76,8.55,54.26,3.61
980,2025-02-11,Loyalty Program,Environment Advocates,80530,Environment Advocates,6856,73674,13644,8059,3056,18.52,10.94,59.07,4.15
981,2025-01-22,Seasonal Discount,Tech Enthusiasts 18-45,141699,Tech Enthusiasts 18-45,8575,133124,32681,14010,6561,24.55,10.52,42.87,4.93
982,2024-11-07,Loyalty Program,Frequent Buyers 35-50,79691,Frequent Buyers 35-50,4780,74911,22398,6002,3501,29.9,8.01,26.8,4.67
983,2025-03-10,Holiday Sales Event,General Audience,115919,General Audience,8810,107109,28476,3999,5304,26.59,3.73,14.04,4.95
984,2024-11-22,Brand Awareness,Young Adults 20-30,130787,Young Adults 20-30,8307,122480,36215,4266,5347,29.57,3.48,11.78,4.37
985,2025-01-22,Beta Testing Launch,Women 25-34,92911,Women 25-34,5819,87092,17603,3445,3261,20.21,3.96,19.57,3.74
986,2025-01-10,Sustainability Product Launch,Shopaholics 25-44,106257,Shopaholics 25-44,6411,99846,24592,8393,1869,24.63,8.41,34.13,1.87
987,2024-09-29,School Supplies Promo,Shopaholics 25-44,159812,Shopaholics 25-44,9879,149933,39765,4794,5351,26.52,3.2,12.06,3.57
988,2025-01-11,Major Shopping Event,Seniors 55+,98564,Seniors 55+,6963,91601,18539,3198,4501,20.24,3.49,17.25,4.91
989,2025-04-03,Beta Testing Launch,Frequent Buyers 35-50,184955,Frequent Buyers 35-50,11330,173625,47616,18364,3857,27.43,10.58,38.57,2.22
990,2025-05-12,Clearance Sale,Previous Customers,99282,Previous Customers,7453,91829,20861,7014,3866,22.72,7.64,33.62,4.21
991,2024-11-03,Beta Testing Launch,Tech Enthusiasts 18-45,190793,Tech Enthusiasts 18-45,16572,174221,48902,5611,7349,28.07,3.22,11.47,4.22
992,2025-05-28,School Supplies Promo,Frequent Buyers 35-50,108714,Frequent Buyers 35-50,7483,101231,24246,8395,6187,23.95,8.29,34.62,6.11
993,2025-02-19,Beta Testing Launch,Young Adults 20-30,98226,Young Adults 20-30,9666,88560,26317,8264,2952,29.72,9.33,31.4,3.33
994,2024-07-31,Holiday Sales Event,Fitness Enthusiasts 18-40,57518,Fitness Enthusiasts 18-40,3546,53972,9926,5255,924,18.39,9.74,52.94,1.71
995,2025-07-14,Holiday Sales Event,General Audience,133098,General Audience,13167,119931,24427,7435,2850,20.37,6.2,30.44,2.38
996,2025-05-15,Loyalty Program,Shopaholics 25-44,51132,Shopaholics 25-44,3634,47498,10595,5638,3111,22.31,11.87,53.21,6.55
997,2024-11-11,Brand Awareness,Tech Enthusiasts 18-45,160329,Tech Enthusiasts 18-45,12073,148256,42902,8785,1480,28.94,5.93,20.48,1.0
998,2024-08-20,School Supplies Promo,Environment Advocates,117682,Environment Advocates,7111,110571,29009,13059,6764,26.24,11.81,45.02,6.12
999,2025-02-23,School Supplies Promo,General Audience,172312,General Audience,16105,156207,46539,9133,5168,29.79,5.85,19.62,3.31
1000,2024-12-02,Clearance Sale,Tech Enthusiasts 18-45,76261,Tech Enthusiasts 18-45,6125,70136,17572,2447,2264,25.05,3.49,13.93,3.23
