campaign_id,campaign_date,campaign_topic,customer_segment,audience_size,target_description,control_group_size,sent,opens,clicks,conversions,open_rate,click_rate,open_to_click_rate,conversion_rate
1,2024-03-22,School Supplies Promo,General Audience,89805,General Audience,7781,82024,14460,9124,3375,17.63,11.12,63.1,4.12
2,2025-06-24,Holiday Sales Event,Women 25-34,187483,Women 25-34,15158,172325,26328,5895,7646,15.28,3.42,22.39,4.44
3,2024-09-28,Sustainability Product Launch,Fitness Enthusiasts 18-40,165706,Fitness Enthusiasts 18-40,10942,154764,37888,16107,7668,24.48,10.41,42.51,4.95
4,2024-11-08,Holiday Follow Up,Tech Enthusiasts 18-45,136702,Tech Enthusiasts 18-45,12909,123793,19560,11504,7177,15.8,9.29,58.81,5.8
5,2024-03-12,Beta Testing Launch,Environment Advocates,60677,Environment Advocates,4047,56630,14144,2137,2439,24.98,3.77,15.11,4.31
6,2025-03-31,Fitness Gear Promo,Fitness Enthusiasts 18-40,54476,Fitness Enthusiasts 18-40,4434,50042,13092,4834,3034,26.16,9.66,36.92,6.06
7,2025-04-08,Seasonal Discount,Environment Advocates,139640,Environment Advocates,7779,131861,35228,13069,5771,26.72,9.91,37.1,4.38
8,2025-03-08,Beta Testing Launch,Women 25-34,77808,Women 25-34,4670,73138,18596,2314,4359,25.43,3.16,12.44,5.96
9,2025-01-18,Major Shopping Event,Shopaholics 25-44,72630,Shopaholics 25-44,3717,68913,16507,3192,4323,23.95,4.63,19.34,6.27
10,2025-04-13,Seasonal Discount,General Audience,103369,General Audience,7134,96235,17977,7672,707,18.68,7.97,42.68,0.73
11,2025-05-25,Holiday Follow Up,Frequent Buyers 35-50,145389,Frequent Buyers 35-50,13599,131790,26904,7058,3041,20.41,5.36,26.23,2.31
12,2024-03-14,Sustainability Product Launch,Environment Advocates,147838,Environment Advocates,7429,140409,27633,6585,7522,19.68,4.69,23.83,5.36
13,2024-10-18,Fitness Gear Promo,Environment Advocates,166662,Environment Advocates,12421,154241,39886,11571,1826,25.86,7.5,29.01,1.18
14,2024-05-04,Fitness Gear Promo,Environment Advocates,165163,Environment Advocates,16372,148791,28005,11008,7284,18.82,7.4,39.31,4.9
15,2024-04-01,Seasonal Discount,Parents 30-50,88426,Parents 30-50,8166,80260,13423,8843,951,16.73,11.02,65.88,1.19
16,2024-07-01,Clearance Sale,Tech Enthusiasts 18-45,117688,Tech Enthusiasts 18-45,10788,106900,27034,6655,4663,25.29,6.23,24.62,4.36
17,2024-07-14,Major Shopping Event,Tech Enthusiasts 18-45,166683,Tech Enthusiasts 18-45,15764,150919,36113,16494,3663,23.93,10.93,45.67,2.43
18,2024-08-12,Loyalty Program,Young Professionals 25-40,130668,Young Professionals 25-40,10005,120663,31987,6985,4782,26.51,5.79,21.84,3.96
19,2024-03-10,Clearance Sale,Frequent Buyers 35-50,171674,Frequent Buyers 35-50,12099,159575,38153,5293,7251,23.91,3.32,13.87,4.54
20,2024-02-27,Fitness Gear Promo,Seniors 55+,147729,Seniors 55+,11274,136455,32566,14844,2473,23.87,10.88,45.58,1.81
21,2024-11-12,Major Shopping Event,Fitness Enthusiasts 18-40,173364,Fitness Enthusiasts 18-40,12016,161348,32903,17131,7542,20.39,10.62,52.07,4.67
22,2025-04-13,Holiday Sales Event,Parents 30-50,150250,Parents 30-50,13950,136300,37982,6544,9437,27.87,4.8,17.23,6.92
23,2025-06-22,Brand Awareness,Seniors 55+,50419,Seniors 55+,4602,45817,12933,3943,1436,28.23,8.61,30.49,3.14
24,2024-05-17,Holiday Sales Event,Young Professionals 25-40,187741,Young Professionals 25-40,16197,171544,35980,18133,10799,20.97,10.57,50.4,6.3
25,2024-09-05,Clearance Sale,Environment Advocates,79020,Environment Advocates,7762,71258,14382,2157,4692,20.18,3.03,15.0,6.58
26,2025-02-21,New Product Launch,Shopaholics 25-44,187851,Shopaholics 25-44,16438,171413,31042,11881,5472,18.11,6.93,38.27,3.19
27,2024-01-27,Holiday Sales Event,Shopaholics 25-44,137338,Shopaholics 25-44,13476,123862,26753,11171,7518,21.6,9.02,41.76,6.07
28,2025-01-25,Brand Awareness,Fitness Enthusiasts 18-40,58150,Fitness Enthusiasts 18-40,5218,52932,15246,3852,617,28.8,7.28,25.27,1.17
29,2025-05-04,Fitness Gear Promo,Fitness Enthusiasts 18-40,64531,Fitness Enthusiasts 18-40,5714,58817,15452,3116,1542,26.27,5.3,20.17,2.62
30,2025-06-06,Sustainability Product Launch,Parents 30-50,134770,Parents 30-50,10344,124426,35990,4004,2213,28.92,3.22,11.13,1.78
31,2025-06-16,Loyalty Program,General Audience,149364,General Audience,13420,135944,35076,8310,1495,25.8,6.11,23.69,1.1
32,2025-01-02,Fitness Gear Promo,General Audience,180871,General Audience,14853,166018,45879,11558,10104,27.64,6.96,25.19,6.09
33,2025-06-10,New Product Launch,Previous Customers,56068,Previous Customers,5448,50620,8772,2833,2535,17.33,5.6,32.3,5.01
34,2024-01-28,Seasonal Discount,General Audience,139519,General Audience,13523,125996,36419,14282,8668,28.91,11.34,39.22,6.88
35,2024-07-20,Sustainability Product Launch,Environment Advocates,121026,Environment Advocates,6196,114830,19188,13192,4403,16.71,11.49,68.75,3.83
36,2025-07-06,Fitness Gear Promo,General Audience,171247,General Audience,10316,160931,32154,10066,7162,19.98,6.26,31.31,4.45
37,2025-04-24,Loyalty Program,General Audience,60863,General Audience,4189,56674,10518,5934,880,18.56,10.47,56.42,1.55
38,2024-07-16,New Product Launch,Young Professionals 25-40,83109,Young Professionals 25-40,6651,76458,21424,3493,2160,28.02,4.57,16.3,2.83
39,2025-06-11,Brand Awareness,Shopaholics 25-44,164847,Shopaholics 25-44,9493,155354,41354,7126,965,26.62,4.59,17.23,0.62
40,2024-07-24,Holiday Sales Event,Tech Enthusiasts 18-45,75994,Tech Enthusiasts 18-45,4647,71347,16664,7767,3311,23.36,10.89,46.61,4.64
41,2025-03-31,Loyalty Program,Previous Customers,153784,Previous Customers,13276,140508,39870,7218,1142,28.38,5.14,18.1,0.81
42,2025-03-05,School Supplies Promo,Parents 30-50,188716,Parents 30-50,17843,170873,38453,12280,11543,22.5,7.19,31.94,6.76
43,2025-01-19,Holiday Follow Up,Shopaholics 25-44,106449,Shopaholics 25-44,10052,96397,23665,10522,6213,24.55,10.92,44.46,6.45
44,2024-06-18,Seasonal Discount,Frequent Buyers 35-50,165078,Frequent Buyers 35-50,13681,151397,28663,8531,10438,18.93,5.64,29.76,6.89
45,2025-01-10,Seasonal Discount,Young Professionals 25-40,193520,Young Professionals 25-40,18030,175490,45806,7016,10178,26.1,4.0,15.32,5.8
46,2025-03-19,Major Shopping Event,Environment Advocates,195362,Environment Advocates,17855,177507,51293,9604,4143,28.9,5.41,18.72,2.33
47,2024-09-11,School Supplies Promo,Frequent Buyers 35-50,62016,Frequent Buyers 35-50,3601,58415,8960,5461,2499,15.34,9.35,60.95,4.28
48,2024-05-26,Clearance Sale,Fitness Enthusiasts 18-40,107190,Fitness Enthusiasts 18-40,9653,97537,24590,3042,4594,25.21,3.12,12.37,4.71
49,2024-06-16,Seasonal Discount,Parents 30-50,92781,Parents 30-50,6852,85929,25022,5071,5239,29.12,5.9,20.27,6.1
50,2025-05-03,School Supplies Promo,Tech Enthusiasts 18-45,83589,Tech Enthusiasts 18-45,7060,76529,22476,8625,5283,29.37,11.27,38.37,6.9
51,2024-11-30,Beta Testing Launch,Parents 30-50,158361,Parents 30-50,15447,142914,38225,11329,9156,26.75,7.93,29.64,6.41
52,2025-06-16,Loyalty Program,Young Professionals 25-40,78788,Young Professionals 25-40,6138,72650,19292,7881,4784,26.56,10.85,40.85,6.59
53,2024-12-23,Loyalty Program,Women 25-34,115523,Women 25-34,7817,107706,20381,11982,7405,18.92,11.13,58.79,6.88
54,2024-03-28,Beta Testing Launch,Frequent Buyers 35-50,90694,Frequent Buyers 35-50,8440,82254,16305,3179,1520,19.82,3.87,19.5,1.85
55,2025-02-07,Beta Testing Launch,Seniors 55+,81974,Seniors 55+,6957,75017,19439,4837,4949,25.91,6.45,24.88,6.6
56,2025-06-28,Major Shopping Event,Young Adults 20-30,193186,Young Adults 20-30,13503,179683,38808,20477,10746,21.6,11.4,52.76,5.98
57,2025-05-28,Beta Testing Launch,Women 25-34,86085,Women 25-34,8145,77940,23092,6114,519,29.63,7.85,26.48,0.67
58,2024-07-27,Sustainability Product Launch,Parents 30-50,173938,Parents 30-50,13695,160243,25398,9996,10116,15.85,6.24,39.36,6.31
59,2024-05-15,Major Shopping Event,General Audience,134958,General Audience,11751,123207,26601,6177,6188,21.59,5.01,23.22,5.02
60,2024-10-07,Holiday Sales Event,Parents 30-50,79577,Parents 30-50,5049,74528,15476,3713,951,20.77,4.98,23.99,1.28
61,2024-05-07,New Product Launch,Young Adults 20-30,82907,Young Adults 20-30,4311,78596,22957,8340,1423,29.21,10.61,36.33,1.81
62,2024-09-12,Clearance Sale,Parents 30-50,98374,Parents 30-50,5893,92481,16903,10860,4069,18.28,11.74,64.25,4.4
63,2025-03-03,New Product Launch,Previous Customers,197657,Previous Customers,10807,186850,31611,22224,9256,16.92,11.89,70.3,4.95
64,2025-05-11,New Product Launch,Tech Enthusiasts 18-45,128371,Tech Enthusiasts 18-45,8451,119920,22487,6308,5819,18.75,5.26,28.05,4.85
65,2024-02-12,Holiday Follow Up,Seniors 55+,106880,Seniors 55+,8286,98594,14937,3482,5949,15.15,3.53,23.31,6.03
66,2024-12-08,Holiday Sales Event,Parents 30-50,103720,Parents 30-50,7489,96231,20946,6031,1831,21.77,6.27,28.79,1.9
67,2025-05-03,Fitness Gear Promo,Fitness Enthusiasts 18-40,195113,Fitness Enthusiasts 18-40,17520,177593,44628,8298,8365,25.13,4.67,18.59,4.71
68,2024-02-25,Brand Awareness,Environment Advocates,85543,Environment Advocates,4289,81254,13673,3994,4252,16.83,4.92,29.21,5.23
69,2025-03-06,Holiday Follow Up,Environment Advocates,120610,Environment Advocates,10100,110510,27776,4216,6246,25.13,3.82,15.18,5.65
70,2024-06-02,School Supplies Promo,Parents 30-50,137401,Parents 30-50,11656,125745,34766,12933,1846,27.65,10.29,37.2,1.47
71,2025-07-05,Sustainability Product Launch,Frequent Buyers 35-50,105996,Frequent Buyers 35-50,9426,96570,17044,8797,3872,17.65,9.11,51.61,4.01
72,2024-12-30,Seasonal Discount,Women 25-34,181214,Women 25-34,14528,166686,33343,7938,3418,20.0,4.76,23.81,2.05
73,2024-12-07,Seasonal Discount,General Audience,152582,General Audience,13123,139459,27349,9082,4446,19.61,6.51,33.21,3.19
74,2024-11-12,Fitness Gear Promo,Frequent Buyers 35-50,64327,Frequent Buyers 35-50,4030,60297,16970,6850,1828,28.15,11.36,40.37,3.03
75,2025-03-30,Clearance Sale,Tech Enthusiasts 18-45,77364,Tech Enthusiasts 18-45,5542,71822,18965,4765,2233,26.41,6.64,25.13,3.11
76,2025-04-06,Clearance Sale,Young Adults 20-30,93775,Young Adults 20-30,7771,86004,21789,9697,1403,25.34,11.28,44.5,1.63
77,2025-02-12,Loyalty Program,Fitness Enthusiasts 18-40,74358,Fitness Enthusiasts 18-40,7402,66956,14571,2767,1273,21.76,4.13,18.99,1.9
78,2024-12-04,Fitness Gear Promo,Previous Customers,83972,Previous Customers,7189,76783,11814,8829,1489,15.39,11.5,74.73,1.94
79,2025-04-28,Beta Testing Launch,Young Adults 20-30,74494,Young Adults 20-30,5412,69082,12844,7334,998,18.59,10.62,57.1,1.45
80,2024-10-27,Holiday Sales Event,Women 25-34,99638,Women 25-34,6866,92772,26336,7897,1002,28.39,8.51,29.99,1.08
81,2025-03-21,School Supplies Promo,Shopaholics 25-44,146248,Shopaholics 25-44,8222,138026,35377,6987,1110,25.63,5.06,19.75,0.8
82,2025-02-12,Beta Testing Launch,Fitness Enthusiasts 18-40,120634,Fitness Enthusiasts 18-40,7511,113123,27315,9388,2018,24.15,8.3,34.37,1.78
83,2024-08-12,Loyalty Program,Young Adults 20-30,147450,Young Adults 20-30,11021,136429,35109,13706,7356,25.73,10.05,39.04,5.39
84,2024-09-25,Major Shopping Event,Frequent Buyers 35-50,76999,Frequent Buyers 35-50,4926,72073,13773,6981,1616,19.11,9.69,50.69,2.24
85,2025-03-13,Seasonal Discount,General Audience,186216,General Audience,16048,170168,44322,5558,3983,26.05,3.27,12.54,2.34
86,2024-05-31,Holiday Sales Event,Parents 30-50,182622,Parents 30-50,11279,171343,34577,17287,1083,20.18,10.09,50.0,0.63
87,2024-10-09,Fitness Gear Promo,Frequent Buyers 35-50,120312,Frequent Buyers 35-50,8276,112036,19543,10313,7836,17.44,9.21,52.77,6.99
88,2025-07-06,Fitness Gear Promo,Parents 30-50,135366,Parents 30-50,12926,122440,35757,14275,3635,29.2,11.66,39.92,2.97
89,2025-06-11,Clearance Sale,Women 25-34,96172,Women 25-34,9572,86600,22394,7119,4577,25.86,8.22,31.79,5.29
90,2024-04-26,Clearance Sale,General Audience,196489,General Audience,11741,184748,47703,20438,8622,25.82,11.06,42.84,4.67
91,2024-05-01,Major Shopping Event,General Audience,124574,General Audience,12082,112492,24259,5328,6074,21.57,4.74,21.96,5.4
92,2024-08-17,Brand Awareness,Women 25-34,190920,Women 25-34,10608,180312,37885,13581,7234,21.01,7.53,35.85,4.01
93,2024-09-04,Holiday Follow Up,Parents 30-50,182765,Parents 30-50,11888,170877,36672,16165,4483,21.46,9.46,44.08,2.62
94,2025-02-04,Clearance Sale,Young Adults 20-30,90441,Young Adults 20-30,5553,84888,22161,4059,1617,26.11,4.78,18.32,1.91
95,2024-08-03,Loyalty Program,Women 25-34,162850,Women 25-34,15327,147523,41389,12407,5033,28.06,8.41,29.98,3.41
96,2024-04-25,Brand Awareness,Young Professionals 25-40,165822,Young Professionals 25-40,13915,151907,35118,17962,3747,23.12,11.82,51.15,2.47
97,2024-06-30,Fitness Gear Promo,Young Adults 20-30,191145,Young Adults 20-30,15175,175970,45597,8293,10747,25.91,4.71,18.19,6.11
98,2024-09-20,Beta Testing Launch,Previous Customers,59270,Previous Customers,3414,55856,12688,3656,1121,22.72,6.55,28.81,2.01
99,2025-01-08,Beta Testing Launch,Shopaholics 25-44,138190,Shopaholics 25-44,8079,130111,32046,13727,1151,24.63,10.55,42.84,0.89
100,2024-06-12,Beta Testing Launch,Tech Enthusiasts 18-45,87359,Tech Enthusiasts 18-45,5587,81772,18405,3045,3907,22.51,3.72,16.54,4.78
101,2024-06-26,Loyalty Program,Previous Customers,139374,Previous Customers,13699,125675,20361,5582,1146,16.2,4.44,27.42,0.91
102,2025-04-23,Beta Testing Launch,Fitness Enthusiasts 18-40,60721,Fitness Enthusiasts 18-40,5402,55319,10095,4895,1946,18.25,8.85,48.49,3.52
103,2024-05-02,Holiday Sales Event,Tech Enthusiasts 18-45,110685,Tech Enthusiasts 18-45,10439,100246,19651,6460,1007,19.6,6.44,32.87,1.01
104,2025-02-05,Loyalty Program,General Audience,69635,General Audience,6611,63024,15452,6293,489,24.52,9.99,40.73,0.78
105,2024-11-01,Brand Awareness,Parents 30-50,147856,Parents 30-50,8783,139073,29482,5271,4074,21.2,3.79,17.88,2.93
106,2024-05-06,Holiday Sales Event,Women 25-34,182888,Women 25-34,11903,170985,29757,13643,6121,17.4,7.98,45.85,3.58
107,2025-01-04,New Product Launch,Fitness Enthusiasts 18-40,65662,Fitness Enthusiasts 18-40,5901,59761,14241,2898,1414,23.83,4.85,20.35,2.37
108,2024-12-15,Holiday Sales Event,Tech Enthusiasts 18-45,92740,Tech Enthusiasts 18-45,6260,86480,16120,4732,2224,18.64,5.47,29.35,2.57
109,2025-04-19,Fitness Gear Promo,Young Professionals 25-40,138576,Young Professionals 25-40,12873,125703,19226,11021,2055,15.3,8.77,57.32,1.64
110,2024-05-03,Loyalty Program,Women 25-34,143214,Women 25-34,9873,133341,29938,11413,8541,22.45,8.56,38.12,6.41
111,2024-07-14,New Product Launch,Tech Enthusiasts 18-45,115190,Tech Enthusiasts 18-45,8207,106983,17080,4360,3745,15.97,4.08,25.53,3.5
112,2025-04-13,Seasonal Discount,Fitness Enthusiasts 18-40,91548,Fitness Enthusiasts 18-40,7579,83969,19591,2938,562,23.33,3.5,15.0,0.67
113,2024-06-06,Loyalty Program,Tech Enthusiasts 18-45,50340,Tech Enthusiasts 18-45,4278,46062,8765,2161,2288,19.03,4.69,24.65,4.97
114,2025-04-16,Loyalty Program,General Audience,166161,General Audience,14367,151794,41556,16113,5445,27.38,10.62,38.77,3.59
115,2024-11-26,Loyalty Program,Frequent Buyers 35-50,87239,Frequent Buyers 35-50,8465,78774,22426,8338,1490,28.47,10.59,37.18,1.89
116,2025-07-12,School Supplies Promo,Environment Advocates,161272,Environment Advocates,14483,146789,36626,8202,9249,24.95,5.59,22.39,6.3
117,2024-09-19,Holiday Sales Event,Environment Advocates,57799,Environment Advocates,3362,54437,14810,3189,3024,27.21,5.86,21.53,5.56
118,2025-05-12,Seasonal Discount,Previous Customers,187351,Previous Customers,15028,172323,32537,15466,1985,18.88,8.98,47.53,1.15
119,2025-06-19,Sustainability Product Launch,Seniors 55+,128546,Seniors 55+,10951,117595,29791,12417,2635,25.33,10.56,41.68,2.24
120,2024-11-01,New Product Launch,Environment Advocates,171147,Environment Advocates,14068,157079,24302,17662,6223,15.47,11.24,72.68,3.96
121,2024-06-20,Fitness Gear Promo,Women 25-34,115028,Women 25-34,7611,107417,16551,4609,986,15.41,4.29,27.85,0.92
122,2024-02-02,Loyalty Program,Parents 30-50,155255,Parents 30-50,10683,144572,22588,5279,5238,15.62,3.65,23.37,3.62
123,2025-04-17,Sustainability Product Launch,Tech Enthusiasts 18-45,183236,Tech Enthusiasts 18-45,12833,170403,48957,14248,5681,28.73,8.36,29.1,3.33
124,2024-07-31,Fitness Gear Promo,Environment Advocates,130054,Environment Advocates,8734,121320,30669,7777,7095,25.28,6.41,25.36,5.85
125,2024-03-03,Major Shopping Event,Frequent Buyers 35-50,94978,Frequent Buyers 35-50,9424,85554,21504,5180,2349,25.14,6.06,24.09,2.75
126,2024-08-03,Fitness Gear Promo,Fitness Enthusiasts 18-40,59058,Fitness Enthusiasts 18-40,3665,55393,12599,3417,282,22.75,6.17,27.12,0.51
127,2024-12-25,Seasonal Discount,Parents 30-50,175508,Parents 30-50,16108,159400,34869,18437,4115,21.88,11.57,52.88,2.58
128,2024-11-10,Holiday Follow Up,Fitness Enthusiasts 18-40,64015,Fitness Enthusiasts 18-40,3708,60307,10640,5102,3772,17.64,8.46,47.95,6.26
129,2024-08-13,New Product Launch,Tech Enthusiasts 18-45,132105,Tech Enthusiasts 18-45,12994,119111,18781,6989,1275,15.77,5.87,37.21,1.07
130,2025-05-12,Seasonal Discount,Previous Customers,167061,Previous Customers,9159,157902,35704,8329,4796,22.61,5.28,23.33,3.04
131,2024-12-24,Loyalty Program,Parents 30-50,112801,Parents 30-50,6035,106766,18735,10014,950,17.55,9.38,53.45,0.89
132,2025-03-03,Brand Awareness,Seniors 55+,131783,Seniors 55+,7874,123909,27392,6557,3973,22.11,5.29,23.94,3.21
133,2025-01-01,Loyalty Program,Shopaholics 25-44,187140,Shopaholics 25-44,12953,174187,45960,5886,4690,26.39,3.38,12.81,2.69
134,2024-03-06,Sustainability Product Launch,Previous Customers,81155,Previous Customers,6378,74777,19645,5537,4003,26.27,7.4,28.19,5.35
135,2025-06-16,Loyalty Program,Parents 30-50,195049,Parents 30-50,10723,184326,38502,8104,10011,20.89,4.4,21.05,5.43
136,2024-07-24,Sustainability Product Launch,Shopaholics 25-44,61306,Shopaholics 25-44,3432,57874,12547,1751,4049,21.68,3.03,13.96,7.0
137,2024-12-16,Clearance Sale,Young Professionals 25-40,140502,Young Professionals 25-40,8649,131853,23104,8705,4074,17.52,6.6,37.68,3.09
138,2024-10-08,Seasonal Discount,Frequent Buyers 35-50,126286,Frequent Buyers 35-50,6785,119501,25350,10576,6293,21.21,8.85,41.72,5.27
139,2024-04-04,Holiday Sales Event,Environment Advocates,165353,Environment Advocates,12243,153110,43714,7427,3421,28.55,4.85,16.99,2.23
140,2025-06-03,Sustainability Product Launch,Frequent Buyers 35-50,59741,Frequent Buyers 35-50,3801,55940,12581,3194,1998,22.49,5.71,25.39,3.57
141,2025-05-11,New Product Launch,Young Professionals 25-40,187519,Young Professionals 25-40,16182,171337,26208,16568,11194,15.3,9.67,63.22,6.53
142,2025-02-18,Beta Testing Launch,Young Adults 20-30,121167,Young Adults 20-30,12000,109167,21149,9131,2474,19.37,8.36,43.17,2.27
143,2024-05-26,Major Shopping Event,Tech Enthusiasts 18-45,67443,Tech Enthusiasts 18-45,5835,61608,14820,2903,4089,24.06,4.71,19.59,6.64
144,2024-12-17,Holiday Sales Event,Young Professionals 25-40,123235,Young Professionals 25-40,9978,113257,18696,8788,6731,16.51,7.76,47.0,5.94
145,2025-05-17,Seasonal Discount,Environment Advocates,113598,Environment Advocates,11136,102462,25185,6606,6948,24.58,6.45,26.23,6.78
146,2025-04-08,Seasonal Discount,General Audience,162055,General Audience,12558,149497,39881,11402,5782,26.68,7.63,28.59,3.87
147,2025-07-17,Holiday Follow Up,Fitness Enthusiasts 18-40,64055,Fitness Enthusiasts 18-40,6107,57948,9363,3148,1825,16.16,5.43,33.62,3.15
148,2024-02-23,Major Shopping Event,Frequent Buyers 35-50,56019,Frequent Buyers 35-50,5339,50680,12026,3729,371,23.73,7.36,31.01,0.73
149,2024-10-13,School Supplies Promo,Shopaholics 25-44,107592,Shopaholics 25-44,8172,99420,28147,9161,3781,28.31,9.21,32.55,3.8
150,2024-08-07,Beta Testing Launch,Parents 30-50,77373,Parents 30-50,5344,72029,20749,7997,3242,28.81,11.1,38.54,4.5
151,2024-09-01,Sustainability Product Launch,Seniors 55+,193660,Seniors 55+,14832,178828,53392,15115,10408,29.86,8.45,28.31,5.82
152,2025-05-03,Beta Testing Launch,Shopaholics 25-44,108560,Shopaholics 25-44,9781,98779,22311,9501,1370,22.59,9.62,42.58,1.39
153,2024-07-07,Major Shopping Event,Environment Advocates,107205,Environment Advocates,7235,99970,19929,5013,6690,19.94,5.02,25.15,6.69
154,2024-10-08,Clearance Sale,Women 25-34,63560,Women 25-34,3276,60284,14071,5110,2889,23.34,8.48,36.32,4.79
155,2024-06-28,Brand Awareness,General Audience,108762,General Audience,7486,101276,23882,5615,859,23.58,5.55,23.51,0.85
156,2024-02-03,Beta Testing Launch,Frequent Buyers 35-50,72308,Frequent Buyers 35-50,6241,66067,16104,4326,2319,24.38,6.55,26.86,3.51
157,2024-11-15,Sustainability Product Launch,Seniors 55+,156998,Seniors 55+,12046,144952,23073,11745,1731,15.92,8.1,50.9,1.19
158,2024-12-15,Clearance Sale,Fitness Enthusiasts 18-40,96047,Fitness Enthusiasts 18-40,5549,90498,20130,6481,825,22.24,7.16,32.2,0.91
159,2024-07-04,Fitness Gear Promo,Young Professionals 25-40,76326,Young Professionals 25-40,4441,71885,11924,6332,3941,16.59,8.81,53.1,5.48
160,2025-04-30,Sustainability Product Launch,Women 25-34,111980,Women 25-34,6962,105018,20502,4321,2968,19.52,4.12,21.08,2.83
161,2024-07-18,Major Shopping Event,General Audience,132386,General Audience,8039,124347,34076,4042,1085,27.4,3.25,11.86,0.87
162,2025-03-11,New Product Launch,Previous Customers,187716,Previous Customers,14802,172914,41605,17546,11201,24.06,10.15,42.17,6.48
163,2024-09-27,Fitness Gear Promo,Seniors 55+,153513,Seniors 55+,7774,145739,37447,7733,5571,25.69,5.31,20.65,3.82
164,2024-07-07,Clearance Sale,Women 25-34,172083,Women 25-34,11482,160601,46766,14042,6481,29.12,8.74,30.03,4.04
165,2024-04-20,Brand Awareness,Previous Customers,84647,Previous Customers,4327,80320,20027,6519,4947,24.93,8.12,32.55,6.16
166,2025-01-26,Beta Testing Launch,Tech Enthusiasts 18-45,129212,Tech Enthusiasts 18-45,10798,118414,35282,10295,7055,29.8,8.69,29.18,5.96
167,2024-11-16,School Supplies Promo,Shopaholics 25-44,197746,Shopaholics 25-44,17867,179879,47786,14423,10400,26.57,8.02,30.18,5.78
168,2024-09-20,Sustainability Product Launch,Shopaholics 25-44,166111,Shopaholics 25-44,10300,155811,36633,16556,10177,23.51,10.63,45.19,6.53
169,2025-04-18,Loyalty Program,Previous Customers,138539,Previous Customers,9669,128870,28018,12947,7626,21.74,10.05,46.21,5.92
170,2024-12-28,School Supplies Promo,General Audience,184048,General Audience,17875,166173,38150,16360,2190,22.96,9.85,42.88,1.32
171,2024-08-11,Seasonal Discount,Fitness Enthusiasts 18-40,119790,Fitness Enthusiasts 18-40,8505,111285,25214,7332,1258,22.66,6.59,29.08,1.13
172,2024-07-28,Fitness Gear Promo,Frequent Buyers 35-50,141891,Frequent Buyers 35-50,9156,132735,39658,13950,8582,29.88,10.51,35.18,6.47
173,2024-07-08,Holiday Sales Event,Shopaholics 25-44,133693,Shopaholics 25-44,11031,122662,29325,10853,2133,23.91,8.85,37.01,1.74
174,2025-03-05,Beta Testing Launch,Young Professionals 25-40,164456,Young Professionals 25-40,9754,154702,45725,6479,3168,29.56,4.19,14.17,2.05
175,2024-11-11,Clearance Sale,Parents 30-50,116307,Parents 30-50,8864,107443,22712,3810,1683,21.14,3.55,16.78,1.57
176,2025-06-06,Seasonal Discount,Environment Advocates,118645,Environment Advocates,9625,109020,22993,4589,7060,21.09,4.21,19.96,6.48
177,2024-02-09,School Supplies Promo,Young Adults 20-30,168292,Young Adults 20-30,10032,158260,26131,15864,4676,16.51,10.02,60.71,2.96
178,2025-01-04,Clearance Sale,Shopaholics 25-44,196209,Shopaholics 25-44,12330,183879,40815,8151,3710,22.2,4.43,19.97,2.02
179,2025-03-25,Sustainability Product Launch,Women 25-34,54870,Women 25-34,3662,51208,8412,2679,969,16.43,5.23,31.85,1.89
180,2024-12-08,Major Shopping Event,Young Adults 20-30,137184,Young Adults 20-30,10755,126429,31009,15102,4794,24.53,11.95,48.7,3.79
181,2024-03-17,Fitness Gear Promo,Fitness Enthusiasts 18-40,170741,Fitness Enthusiasts 18-40,8594,162147,27455,16623,7526,16.93,10.25,60.55,4.64
182,2025-07-22,Beta Testing Launch,General Audience,177386,General Audience,13092,164294,35111,19531,3686,21.37,11.89,55.63,2.24
183,2024-07-25,Major Shopping Event,Seniors 55+,55766,Seniors 55+,4760,51006,12949,1921,1603,25.39,3.77,14.84,3.14
184,2024-12-06,School Supplies Promo,Young Adults 20-30,109536,Young Adults 20-30,10200,99336,16867,5061,2262,16.98,5.09,30.01,2.28
185,2025-01-23,Beta Testing Launch,Shopaholics 25-44,159533,Shopaholics 25-44,8034,151499,37783,4616,2903,24.94,3.05,12.22,1.92
186,2024-03-09,Sustainability Product Launch,Young Adults 20-30,62316,Young Adults 20-30,5756,56560,10049,6764,1545,17.77,11.96,67.31,2.73
187,2024-04-16,Major Shopping Event,Parents 30-50,143629,Parents 30-50,10009,133620,33082,13265,1646,24.76,9.93,40.1,1.23
188,2025-03-13,Holiday Sales Event,General Audience,150177,General Audience,9975,140202,26711,14583,4142,19.05,10.4,54.6,2.95
189,2024-09-04,School Supplies Promo,Shopaholics 25-44,155245,Shopaholics 25-44,13695,141550,24946,5206,4460,17.62,3.68,20.87,3.15
190,2024-02-07,Seasonal Discount,General Audience,132330,General Audience,10794,121536,26952,8038,2968,22.18,6.61,29.82,2.44
191,2024-10-18,Fitness Gear Promo,Tech Enthusiasts 18-45,109104,Tech Enthusiasts 18-45,10771,98333,21590,9764,5213,21.96,9.93,45.22,5.3
192,2025-06-02,Seasonal Discount,Young Professionals 25-40,66202,Young Professionals 25-40,6056,60146,13581,2722,4209,22.58,4.53,20.04,7.0
193,2024-08-19,New Product Launch,Tech Enthusiasts 18-45,100941,Tech Enthusiasts 18-45,5835,95106,23638,9847,1461,24.85,10.35,41.66,1.54
194,2025-04-25,Seasonal Discount,Seniors 55+,151255,Seniors 55+,11273,139982,25686,10158,2999,18.35,7.26,39.55,2.14
195,2025-05-01,New Product Launch,Tech Enthusiasts 18-45,187029,Tech Enthusiasts 18-45,17269,169760,28568,7033,11499,16.83,4.14,24.62,6.77
196,2024-06-13,Fitness Gear Promo,Women 25-34,162205,Women 25-34,11808,150397,36890,9942,2708,24.53,6.61,26.95,1.8
197,2024-09-05,Sustainability Product Launch,Young Adults 20-30,152855,Young Adults 20-30,14281,138574,21389,10031,1864,15.44,7.24,46.9,1.35
198,2024-10-06,Seasonal Discount,Young Adults 20-30,102050,Young Adults 20-30,9370,92680,25238,3711,1111,27.23,4.0,14.7,1.2
199,2024-11-09,Beta Testing Launch,Shopaholics 25-44,115740,Shopaholics 25-44,8152,107588,28647,9514,6570,26.63,8.84,33.21,6.11
200,2025-03-27,Brand Awareness,Tech Enthusiasts 18-45,114384,Tech Enthusiasts 18-45,6110,108274,17816,11548,6851,16.45,10.67,64.82,6.33
201,2024-02-29,Fitness Gear Promo,Previous Customers,64590,Previous Customers,6306,58284,10596,3997,3901,18.18,6.86,37.72,6.69
202,2025-02-28,Holiday Follow Up,Tech Enthusiasts 18-45,96836,Tech Enthusiasts 18-45,8450,88386,24453,7614,2039,27.67,8.62,31.14,2.31
203,2024-07-14,Major Shopping Event,Parents 30-50,151990,Parents 30-50,15011,136979,24535,14650,4809,17.91,10.7,59.71,3.51
204,2025-06-13,Brand Awareness,Shopaholics 25-44,126485,Shopaholics 25-44,8896,117589,21096,5902,3262,17.94,5.02,27.98,2.77
205,2024-10-26,Loyalty Program,Women 25-34,69120,Women 25-34,6850,62270,11351,5897,2041,18.23,9.47,51.95,3.28
206,2025-01-29,Seasonal Discount,General Audience,129296,General Audience,10797,118499,31200,12708,2711,26.33,10.72,40.73,2.29
207,2025-05-01,Seasonal Discount,General Audience,140359,General Audience,9906,130453,30042,8658,8111,23.03,6.64,28.82,6.22
208,2025-02-02,Loyalty Program,Young Professionals 25-40,89694,Young Professionals 25-40,7046,82648,12631,8995,4419,15.28,10.88,71.21,5.35
209,2025-01-09,Seasonal Discount,Shopaholics 25-44,192289,Shopaholics 25-44,17776,174513,46432,17446,9617,26.61,10.0,37.57,5.51
210,2024-05-16,School Supplies Promo,General Audience,120536,General Audience,7198,113338,22397,11145,5681,19.76,9.83,49.76,5.01
211,2024-11-13,Clearance Sale,Fitness Enthusiasts 18-40,86336,Fitness Enthusiasts 18-40,4380,81956,19842,9201,1915,24.21,11.23,46.37,2.34
212,2024-06-27,Holiday Sales Event,Frequent Buyers 35-50,162543,Frequent Buyers 35-50,15554,146989,24018,6437,2078,16.34,4.38,26.8,1.41
213,2024-07-30,Sustainability Product Launch,Previous Customers,121421,Previous Customers,11945,109476,18117,11235,7091,16.55,10.26,62.01,6.48
214,2025-04-01,Major Shopping Event,Tech Enthusiasts 18-45,106319,Tech Enthusiasts 18-45,8163,98156,18091,6648,3595,18.43,6.77,36.75,3.66
215,2024-08-20,Holiday Sales Event,Seniors 55+,147384,Seniors 55+,8169,139215,22229,8238,8488,15.97,5.92,37.06,6.1
216,2024-06-17,Beta Testing Launch,General Audience,103979,General Audience,8610,95369,21217,10575,5891,22.25,11.09,49.84,6.18
217,2024-10-29,Sustainability Product Launch,Young Professionals 25-40,70299,Young Professionals 25-40,6316,63983,16628,3355,4183,25.99,5.24,20.18,6.54
218,2025-01-31,Holiday Sales Event,Young Professionals 25-40,88499,Young Professionals 25-40,5532,82967,23399,5025,1980,28.2,6.06,21.48,2.39
219,2024-02-04,Fitness Gear Promo,Parents 30-50,179328,Parents 30-50,15499,163829,27965,11458,9583,17.07,6.99,40.97,5.85
220,2024-03-24,School Supplies Promo,Previous Customers,170500,Previous Customers,13888,156612,27071,9051,9289,17.29,5.78,33.43,5.93
221,2024-12-11,School Supplies Promo,Tech Enthusiasts 18-45,136858,Tech Enthusiasts 18-45,8774,128084,37334,11324,7330,29.15,8.84,30.33,5.72
222,2024-04-13,Holiday Sales Event,Previous Customers,107075,Previous Customers,6197,100878,21315,8806,639,21.13,8.73,41.31,0.63
223,2025-04-02,Fitness Gear Promo,Women 25-34,128629,Women 25-34,9993,118636,27528,4514,2270,23.2,3.81,16.4,1.91
224,2024-10-29,Sustainability Product Launch,Young Adults 20-30,91258,Young Adults 20-30,6214,85044,22970,5719,3247,27.01,6.73,24.9,3.82
225,2025-05-30,School Supplies Promo,Shopaholics 25-44,77151,Shopaholics 25-44,5920,71231,17821,6234,1949,25.02,8.75,34.98,2.74
226,2024-09-10,Sustainability Product Launch,Frequent Buyers 35-50,160275,Frequent Buyers 35-50,12722,147553,25374,15489,5126,17.2,10.5,61.04,3.47
227,2025-07-11,School Supplies Promo,Parents 30-50,186199,Parents 30-50,16209,169990,41342,10186,1561,24.32,5.99,24.64,0.92
228,2024-02-29,Loyalty Program,General Audience,65798,General Audience,3417,62381,16250,3148,537,26.05,5.05,19.37,0.86
229,2025-03-29,Clearance Sale,Fitness Enthusiasts 18-40,85057,Fitness Enthusiasts 18-40,5378,79679,19764,2432,1260,24.8,3.05,12.31,1.58
230,2025-04-13,Holiday Sales Event,Frequent Buyers 35-50,95693,Frequent Buyers 35-50,7771,87922,23966,7476,1038,27.26,8.5,31.19,1.18
231,2024-11-17,New Product Launch,Parents 30-50,180369,Parents 30-50,15766,164603,46133,16592,10704,28.03,10.08,35.97,6.5
232,2024-02-06,Holiday Follow Up,Young Professionals 25-40,185024,Young Professionals 25-40,11785,173239,26755,14679,3149,15.44,8.47,54.86,1.82
233,2024-10-24,Beta Testing Launch,Young Adults 20-30,110341,Young Adults 20-30,8265,102076,20818,4094,4203,20.4,4.01,19.67,4.12
234,2024-04-16,Clearance Sale,Fitness Enthusiasts 18-40,162693,Fitness Enthusiasts 18-40,12879,149814,34609,15950,5013,23.1,10.65,46.09,3.35
235,2024-10-19,Sustainability Product Launch,Parents 30-50,98552,Parents 30-50,6312,92240,19017,3009,4199,20.62,3.26,15.82,4.55
236,2024-09-09,Seasonal Discount,Environment Advocates,143624,Environment Advocates,10723,132901,32106,5856,4022,24.16,4.41,18.24,3.03
237,2025-01-13,Loyalty Program,Environment Advocates,105575,Environment Advocates,10507,95068,28406,6339,5102,29.88,6.67,22.32,5.37
238,2024-02-29,Clearance Sale,Shopaholics 25-44,109288,Shopaholics 25-44,7295,101993,26125,4507,2960,25.62,4.42,17.25,2.9
239,2024-05-13,Brand Awareness,Environment Advocates,116379,Environment Advocates,11303,105076,26781,7474,2921,25.49,7.11,27.91,2.78
240,2024-01-31,Seasonal Discount,Seniors 55+,157621,Seniors 55+,13797,143824,38839,9229,8340,27.0,6.42,23.76,5.8
241,2024-01-28,Sustainability Product Launch,Young Professionals 25-40,148458,Young Professionals 25-40,8553,139905,26033,13115,6550,18.61,9.37,50.38,4.68
242,2025-03-15,New Product Launch,Young Adults 20-30,96061,Young Adults 20-30,5509,90552,13617,6675,6065,15.04,7.37,49.02,6.7
243,2024-08-15,Clearance Sale,Frequent Buyers 35-50,150220,Frequent Buyers 35-50,13485,136735,25777,15066,5150,18.85,11.02,58.45,3.77
244,2024-11-24,Clearance Sale,Fitness Enthusiasts 18-40,188177,Fitness Enthusiasts 18-40,16038,172139,34796,16901,8397,20.21,9.82,48.57,4.88
245,2024-09-15,Loyalty Program,General Audience,185761,General Audience,11435,174326,40813,13749,5235,23.41,7.89,33.69,3.0
246,2025-01-28,New Product Launch,Women 25-34,174179,Women 25-34,14602,159577,40462,17113,1760,25.36,10.72,42.29,1.1
247,2024-03-01,Holiday Follow Up,Frequent Buyers 35-50,181882,Frequent Buyers 35-50,15403,166479,31714,9342,5803,19.05,5.61,29.46,3.49
248,2025-06-06,Clearance Sale,Previous Customers,189958,Previous Customers,17078,172880,27695,17365,9725,16.02,10.04,62.7,5.63
249,2024-10-11,Sustainability Product Launch,Environment Advocates,51464,Environment Advocates,4359,47105,14045,3957,1326,29.82,8.4,28.17,2.82
250,2025-06-15,Loyalty Program,Frequent Buyers 35-50,89617,Frequent Buyers 35-50,8643,80974,20883,3148,4338,25.79,3.89,15.07,5.36
251,2024-08-08,Clearance Sale,Women 25-34,128183,Women 25-34,7401,120782,34815,14256,4631,28.82,11.8,40.95,3.83
252,2024-05-31,Holiday Follow Up,Environment Advocates,124760,Environment Advocates,11240,113520,33296,8051,4565,29.33,7.09,24.18,4.02
253,2024-10-04,Seasonal Discount,Previous Customers,181338,Previous Customers,17719,163619,29276,13760,5965,17.89,8.41,47.0,3.65
254,2024-03-14,Brand Awareness,Frequent Buyers 35-50,148672,Frequent Buyers 35-50,11448,137224,40495,8472,6219,29.51,6.17,20.92,4.53
255,2024-06-01,Fitness Gear Promo,Frequent Buyers 35-50,50020,Frequent Buyers 35-50,4964,45056,10580,2293,857,23.48,5.09,21.67,1.9
256,2024-12-09,Major Shopping Event,Environment Advocates,77500,Environment Advocates,5677,71823,21102,4073,4376,29.38,5.67,19.3,6.09
257,2025-01-26,Clearance Sale,Parents 30-50,194851,Parents 30-50,12803,182048,53973,11019,11794,29.65,6.05,20.42,6.48
258,2024-11-09,Holiday Follow Up,Parents 30-50,177196,Parents 30-50,17473,159723,43860,13448,8765,27.46,8.42,30.66,5.49
259,2024-07-08,Fitness Gear Promo,Young Adults 20-30,133035,Young Adults 20-30,9581,123454,21341,6359,1346,17.29,5.15,29.8,1.09
260,2024-10-15,Holiday Sales Event,Environment Advocates,177041,Environment Advocates,10490,166551,26284,14721,5326,15.78,8.84,56.01,3.2
261,2024-09-26,Holiday Sales Event,Environment Advocates,75178,Environment Advocates,3904,71274,16241,5978,2256,22.79,8.39,36.81,3.17
262,2025-05-13,Seasonal Discount,Frequent Buyers 35-50,145832,Frequent Buyers 35-50,7390,138442,35581,8399,1345,25.7,6.07,23.61,0.97
263,2024-12-25,Holiday Follow Up,General Audience,76136,General Audience,4840,71296,15935,3758,4542,22.35,5.27,23.58,6.37
264,2024-12-18,Sustainability Product Launch,Frequent Buyers 35-50,189985,Frequent Buyers 35-50,18192,171793,33859,19527,8285,19.71,11.37,57.67,4.82
265,2024-03-23,Holiday Follow Up,Tech Enthusiasts 18-45,134107,Tech Enthusiasts 18-45,6961,127146,22743,7563,2644,17.89,5.95,33.25,2.08
266,2025-05-10,Clearance Sale,Frequent Buyers 35-50,194468,Frequent Buyers 35-50,18047,176421,41829,13592,1817,23.71,7.7,32.49,1.03
267,2025-02-27,Loyalty Program,Shopaholics 25-44,110279,Shopaholics 25-44,7812,102467,29322,11917,2596,28.62,11.63,40.64,2.53
268,2025-03-13,Fitness Gear Promo,Environment Advocates,103666,Environment Advocates,8696,94970,26882,5739,3282,28.31,6.04,21.35,3.46
269,2024-09-22,Seasonal Discount,General Audience,183929,General Audience,10698,173231,41741,9677,2129,24.1,5.59,23.18,1.23
270,2025-07-22,Beta Testing Launch,Frequent Buyers 35-50,132666,Frequent Buyers 35-50,9436,123230,33516,6229,4334,27.2,5.05,18.59,3.52
271,2024-12-01,Seasonal Discount,Seniors 55+,191301,Seniors 55+,14213,177088,37866,12099,10246,21.38,6.83,31.95,5.79
272,2024-10-27,Holiday Follow Up,Frequent Buyers 35-50,50915,Frequent Buyers 35-50,3795,47120,14099,2865,1571,29.92,6.08,20.32,3.33
273,2024-05-23,Beta Testing Launch,Parents 30-50,109040,Parents 30-50,10051,98989,25509,7754,1979,25.77,7.83,30.4,2.0
274,2024-04-18,Major Shopping Event,Seniors 55+,166500,Seniors 55+,12781,153719,45243,17026,8055,29.43,11.08,37.63,5.24
275,2024-06-25,Fitness Gear Promo,General Audience,68284,General Audience,5659,62625,13145,6862,1404,20.99,10.96,52.2,2.24
276,2024-07-07,Loyalty Program,Young Adults 20-30,153589,Young Adults 20-30,8747,144842,41873,14242,2702,28.91,9.83,34.01,1.87
277,2024-11-16,New Product Launch,Environment Advocates,196072,Environment Advocates,15134,180938,37157,11983,9784,20.54,6.62,32.25,5.41
278,2025-06-12,Clearance Sale,General Audience,160809,General Audience,14920,145889,43128,11331,5363,29.56,7.77,26.27,3.68
279,2025-02-21,Brand Awareness,Shopaholics 25-44,102334,Shopaholics 25-44,7767,94567,18323,4163,1488,19.38,4.4,22.72,1.57
280,2024-05-15,Sustainability Product Launch,Young Professionals 25-40,103303,Young Professionals 25-40,8386,94917,18890,5012,6118,19.9,5.28,26.53,6.45
281,2025-06-15,Clearance Sale,Tech Enthusiasts 18-45,158808,Tech Enthusiasts 18-45,13626,145182,26113,11477,6204,17.99,7.91,43.95,4.27
282,2024-12-13,Major Shopping Event,Previous Customers,57487,Previous Customers,5452,52035,13059,3055,922,25.1,5.87,23.39,1.77
283,2025-01-03,Major Shopping Event,Young Adults 20-30,70637,Young Adults 20-30,4414,66223,10140,7152,2387,15.31,10.8,70.53,3.61
284,2025-05-25,Sustainability Product Launch,Frequent Buyers 35-50,79679,Frequent Buyers 35-50,6795,72884,16884,6431,858,23.17,8.82,38.09,1.18
285,2024-08-05,Holiday Follow Up,Women 25-34,196853,Women 25-34,14064,182789,43080,13705,5219,23.57,7.5,31.81,2.86
286,2025-04-23,Major Shopping Event,Tech Enthusiasts 18-45,183209,Tech Enthusiasts 18-45,11919,171290,43237,5564,5736,25.24,3.25,12.87,3.35
287,2025-02-12,Holiday Sales Event,Seniors 55+,78674,Seniors 55+,5417,73257,17703,7955,1545,24.17,10.86,44.94,2.11
288,2025-07-15,Major Shopping Event,Seniors 55+,84129,Seniors 55+,5789,78340,17623,3080,3390,22.5,3.93,17.48,4.33
289,2024-07-24,Major Shopping Event,Young Professionals 25-40,92334,Young Professionals 25-40,6176,86158,25348,6832,804,29.42,7.93,26.95,0.93
290,2024-09-29,Beta Testing Launch,Seniors 55+,90393,Seniors 55+,8540,81853,21687,4762,3672,26.5,5.82,21.96,4.49
291,2024-08-06,Holiday Sales Event,Tech Enthusiasts 18-45,55717,Tech Enthusiasts 18-45,5359,50358,9957,3937,3436,19.77,7.82,39.54,6.82
292,2025-01-18,Clearance Sale,General Audience,79951,General Audience,4241,75710,11679,6553,2632,15.43,8.66,56.11,3.48
293,2024-05-26,Holiday Sales Event,Parents 30-50,88463,Parents 30-50,8769,79694,15875,4279,2069,19.92,5.37,26.95,2.6
294,2024-04-21,Brand Awareness,Seniors 55+,164042,Seniors 55+,12585,151457,44825,8122,1168,29.6,5.36,18.12,0.77
295,2024-04-03,Sustainability Product Launch,Fitness Enthusiasts 18-40,199535,Fitness Enthusiasts 18-40,10259,189276,41550,9556,8883,21.95,5.05,23.0,4.69
296,2025-01-03,Seasonal Discount,Frequent Buyers 35-50,91926,Frequent Buyers 35-50,7729,84197,15414,9860,714,18.31,11.71,63.97,0.85
297,2024-08-07,Brand Awareness,Tech Enthusiasts 18-45,50863,Tech Enthusiasts 18-45,4440,46423,8879,4137,271,19.13,8.91,46.59,0.58
298,2024-09-30,Beta Testing Launch,General Audience,145819,General Audience,10431,135388,29361,5260,2303,21.69,3.89,17.91,1.7
299,2025-05-24,Beta Testing Launch,Previous Customers,65509,Previous Customers,6210,59299,14962,3744,3095,25.23,6.31,25.02,5.22
300,2025-04-12,Holiday Follow Up,General Audience,141327,General Audience,9529,131798,38692,5023,9032,29.36,3.81,12.98,6.85
301,2024-07-24,Sustainability Product Launch,Seniors 55+,142496,Seniors 55+,8775,133721,34511,11014,2588,25.81,8.24,31.91,1.94
302,2024-06-16,Holiday Follow Up,Parents 30-50,58687,Parents 30-50,5021,53666,11930,4012,670,22.23,7.48,33.63,1.25
303,2025-01-03,Holiday Follow Up,Environment Advocates,98026,Environment Advocates,6079,91947,18126,4381,4495,19.71,4.77,24.17,4.89
304,2025-02-21,Clearance Sale,Frequent Buyers 35-50,72417,Frequent Buyers 35-50,4178,68239,15629,6567,3284,22.9,9.62,42.02,4.81
305,2025-05-06,Sustainability Product Launch,General Audience,185672,General Audience,15645,170027,44732,18726,9580,26.31,11.01,41.86,5.63
306,2024-04-08,Beta Testing Launch,Parents 30-50,191643,Parents 30-50,18930,172713,42836,12721,1403,24.8,7.37,29.7,0.81
307,2025-01-20,Loyalty Program,Fitness Enthusiasts 18-40,195781,Fitness Enthusiasts 18-40,16931,178850,47547,8296,3217,26.59,4.64,17.45,1.8
308,2024-03-13,New Product Launch,Shopaholics 25-44,127916,Shopaholics 25-44,10372,117544,27712,5495,3847,23.58,4.68,19.83,3.27
309,2024-07-17,Clearance Sale,Previous Customers,97661,Previous Customers,6081,91580,17380,8870,4837,18.98,9.69,51.04,5.28
310,2024-10-30,Holiday Sales Event,Frequent Buyers 35-50,184223,Frequent Buyers 35-50,13569,170654,38375,12187,6914,22.49,7.14,31.76,4.05
311,2024-05-17,Holiday Follow Up,Women 25-34,56833,Women 25-34,3893,52940,9319,4670,3008,17.6,8.82,50.11,5.68
312,2024-02-29,Holiday Sales Event,Women 25-34,131087,Women 25-34,11416,119671,18963,10525,3349,15.85,8.8,55.5,2.8
313,2024-06-18,School Supplies Promo,Young Professionals 25-40,157464,Young Professionals 25-40,10094,147370,40696,5951,787,27.62,4.04,14.62,0.53
314,2024-04-15,Beta Testing Launch,Women 25-34,194510,Women 25-34,9860,184650,40695,13888,1527,22.04,7.52,34.13,0.83
315,2025-07-06,Holiday Sales Event,Environment Advocates,156295,Environment Advocates,13872,142423,31031,11578,1324,21.79,8.13,37.31,0.93
316,2025-05-30,Seasonal Discount,Young Adults 20-30,156349,Young Adults 20-30,14148,142201,25485,13772,7062,17.92,9.69,54.04,4.97
317,2024-10-23,Major Shopping Event,Environment Advocates,186999,Environment Advocates,17410,169589,43891,19728,3084,25.88,11.63,44.95,1.82
318,2024-07-26,Major Shopping Event,Previous Customers,94377,Previous Customers,5436,88941,16222,3052,5503,18.24,3.43,18.81,6.19
319,2024-03-31,Sustainability Product Launch,Seniors 55+,131614,Seniors 55+,9665,121949,36297,6276,6213,29.76,5.15,17.29,5.09
320,2024-09-23,Beta Testing Launch,General Audience,198843,General Audience,14483,184360,53018,10562,1685,28.76,5.73,19.92,0.91
321,2024-03-12,Beta Testing Launch,Fitness Enthusiasts 18-40,169819,Fitness Enthusiasts 18-40,15388,154431,28250,5569,9333,18.29,3.61,19.71,6.04
322,2024-08-26,Brand Awareness,Young Professionals 25-40,55647,Young Professionals 25-40,5376,50271,13793,2543,1869,27.44,5.06,18.44,3.72
323,2024-06-12,Loyalty Program,Seniors 55+,54991,Seniors 55+,5382,49609,10091,4200,1116,20.34,8.47,41.62,2.25
324,2025-04-02,Loyalty Program,Tech Enthusiasts 18-45,60911,Tech Enthusiasts 18-45,3833,57078,11486,2485,1608,20.12,4.35,21.64,2.82
325,2025-06-21,Brand Awareness,Fitness Enthusiasts 18-40,197183,Fitness Enthusiasts 18-40,18001,179182,39961,6161,6881,22.3,3.44,15.42,3.84
326,2025-04-19,Seasonal Discount,Fitness Enthusiasts 18-40,70777,Fitness Enthusiasts 18-40,6046,64731,12302,5011,432,19.01,7.74,40.73,0.67
327,2024-11-14,Holiday Sales Event,Young Adults 20-30,96901,Young Adults 20-30,5943,90958,14714,3563,862,16.18,3.92,24.22,0.95
328,2025-01-25,New Product Launch,Fitness Enthusiasts 18-40,149654,Fitness Enthusiasts 18-40,11985,137669,39583,16089,5256,28.75,11.69,40.65,3.82
329,2024-01-25,School Supplies Promo,Previous Customers,125196,Previous Customers,12371,112825,21410,5786,3857,18.98,5.13,27.02,3.42
330,2025-07-02,Loyalty Program,Seniors 55+,57012,Seniors 55+,3080,53932,13964,3959,3402,25.89,7.34,28.35,6.31
331,2024-12-21,Major Shopping Event,Environment Advocates,66245,Environment Advocates,3900,62345,15363,5197,3736,24.64,8.34,33.83,5.99
332,2024-06-24,Clearance Sale,Parents 30-50,174019,Parents 30-50,16095,157924,42933,16523,1127,27.19,10.46,38.49,0.71
333,2025-04-27,Loyalty Program,Shopaholics 25-44,58319,Shopaholics 25-44,5494,52825,15247,4440,3613,28.86,8.41,29.12,6.84
334,2025-03-05,Beta Testing Launch,Seniors 55+,116157,Seniors 55+,9208,106949,17772,4426,3860,16.62,4.14,24.9,3.61
335,2024-08-19,Holiday Sales Event,Young Adults 20-30,132809,Young Adults 20-30,7489,125320,24162,7995,2359,19.28,6.38,33.09,1.88
336,2024-03-02,Loyalty Program,Young Professionals 25-40,66095,Young Professionals 25-40,3306,62789,10307,6299,3751,16.42,10.03,61.11,5.97
337,2024-11-27,Clearance Sale,Tech Enthusiasts 18-45,55153,Tech Enthusiasts 18-45,3528,51625,13448,5541,2961,26.05,10.73,41.2,5.74
338,2024-06-15,Sustainability Product Launch,Frequent Buyers 35-50,136115,Frequent Buyers 35-50,9483,126632,26928,8790,1441,21.27,6.94,32.64,1.14
339,2024-03-03,School Supplies Promo,Tech Enthusiasts 18-45,62175,Tech Enthusiasts 18-45,5058,57117,13437,5763,3982,23.53,10.09,42.89,6.97
340,2025-02-17,Holiday Sales Event,Shopaholics 25-44,118275,Shopaholics 25-44,8921,109354,30573,8892,6230,27.96,8.13,29.08,5.7
341,2025-07-15,Clearance Sale,Previous Customers,152786,Previous Customers,11747,141039,31618,9016,2171,22.42,6.39,28.52,1.54
342,2024-05-20,Fitness Gear Promo,General Audience,162943,General Audience,11159,151784,42000,15844,8460,27.67,10.44,37.72,5.57
343,2024-09-26,Clearance Sale,Previous Customers,187251,Previous Customers,16229,171022,36146,10034,8605,21.14,5.87,27.76,5.03
344,2024-03-26,School Supplies Promo,Parents 30-50,126586,Parents 30-50,9966,116620,33808,13741,2703,28.99,11.78,40.64,2.32
345,2024-06-13,Holiday Sales Event,Previous Customers,138268,Previous Customers,8418,129850,19515,10112,4380,15.03,7.79,51.82,3.37
346,2024-03-24,Brand Awareness,Young Adults 20-30,151449,Young Adults 20-30,8237,143212,29704,11212,5800,20.74,7.83,37.75,4.05
347,2025-01-17,Fitness Gear Promo,Young Professionals 25-40,96666,Young Professionals 25-40,6627,90039,26860,9101,1480,29.83,10.11,33.88,1.64
348,2024-08-28,Sustainability Product Launch,Women 25-34,59076,Women 25-34,4628,54448,10010,1651,1084,18.39,3.03,16.49,1.99
349,2024-12-30,Beta Testing Launch,Seniors 55+,169213,Seniors 55+,13114,156099,36209,7655,2944,23.2,4.9,21.14,1.89
350,2025-07-23,Holiday Sales Event,Young Professionals 25-40,87905,Young Professionals 25-40,5649,82256,18252,8063,3127,22.19,9.8,44.18,3.8
351,2025-06-01,Seasonal Discount,Fitness Enthusiasts 18-40,157815,Fitness Enthusiasts 18-40,12456,145359,37994,11942,8650,26.14,8.22,31.43,5.95
352,2024-04-10,Beta Testing Launch,Seniors 55+,154726,Seniors 55+,10068,144658,26633,5173,8265,18.41,3.58,19.42,5.71
353,2024-11-04,Sustainability Product Launch,Seniors 55+,94997,Seniors 55+,5972,89025,21392,8353,5195,24.03,9.38,39.05,5.84
354,2024-10-10,Holiday Follow Up,Frequent Buyers 35-50,106747,Frequent Buyers 35-50,7174,99573,20385,11204,1583,20.47,11.25,54.96,1.59
355,2024-09-21,Fitness Gear Promo,Women 25-34,191768,Women 25-34,18421,173347,51365,5775,5469,29.63,3.33,11.24,3.16
356,2024-09-24,Holiday Follow Up,Women 25-34,169815,Women 25-34,13540,156275,27142,8622,9583,17.37,5.52,31.77,6.13
357,2024-08-02,Clearance Sale,Frequent Buyers 35-50,66110,Frequent Buyers 35-50,5231,60879,17413,3695,3181,28.6,6.07,21.22,5.23
358,2024-06-06,Beta Testing Launch,Fitness Enthusiasts 18-40,80331,Fitness Enthusiasts 18-40,4622,75709,22668,7808,1912,29.94,10.31,34.45,2.53
359,2025-05-19,Brand Awareness,Environment Advocates,89215,Environment Advocates,7349,81866,24044,7653,3621,29.37,9.35,31.83,4.42
360,2025-06-15,Brand Awareness,Environment Advocates,164918,Environment Advocates,11710,153208,33222,8314,7078,21.68,5.43,25.03,4.62
361,2024-08-17,New Product Launch,Fitness Enthusiasts 18-40,75172,Fitness Enthusiasts 18-40,4976,70196,16954,8033,969,24.15,11.44,47.38,1.38
362,2025-03-08,Beta Testing Launch,Seniors 55+,184609,Seniors 55+,17499,167110,41332,14160,4467,24.73,8.47,34.26,2.67
363,2025-01-16,Clearance Sale,Young Adults 20-30,170513,Young Adults 20-30,11916,158597,27034,13423,3206,17.05,8.46,49.65,2.02
364,2024-07-15,Fitness Gear Promo,Tech Enthusiasts 18-45,83176,Tech Enthusiasts 18-45,5036,78140,20837,3701,4206,26.67,4.74,17.76,5.38
365,2024-06-27,Clearance Sale,Young Adults 20-30,93895,Young Adults 20-30,7607,86288,15954,6796,5925,18.49,7.88,42.6,6.87
366,2025-01-07,Holiday Sales Event,Young Professionals 25-40,57801,Young Professionals 25-40,5588,52213,12528,5697,2024,23.99,10.91,45.47,3.88
367,2025-05-25,Loyalty Program,Young Professionals 25-40,58374,Young Professionals 25-40,3238,55136,15390,2556,279,27.91,4.64,16.61,0.51
368,2024-03-07,Seasonal Discount,Shopaholics 25-44,161998,Shopaholics 25-44,13184,148814,31018,8388,4630,20.84,5.64,27.04,3.11
369,2025-04-15,Major Shopping Event,Frequent Buyers 35-50,88837,Frequent Buyers 35-50,6606,82231,13027,7656,3269,15.84,9.31,58.77,3.98
370,2024-06-24,Holiday Sales Event,Women 25-34,162356,Women 25-34,9375,152981,28050,11929,4788,18.34,7.8,42.53,3.13
371,2025-02-16,Holiday Follow Up,Parents 30-50,96339,Parents 30-50,8598,87741,14864,7404,1347,16.94,8.44,49.81,1.54
372,2024-01-29,Loyalty Program,Previous Customers,163869,Previous Customers,9168,154701,37677,16451,3541,24.36,10.63,43.66,2.29
373,2025-02-06,Holiday Follow Up,General Audience,103573,General Audience,6836,96737,26139,7804,6320,27.02,8.07,29.86,6.53
374,2024-12-21,Major Shopping Event,Parents 30-50,84144,Parents 30-50,8250,75894,15262,4953,1517,20.11,6.53,32.45,2.0
375,2024-05-02,Seasonal Discount,Fitness Enthusiasts 18-40,142773,Fitness Enthusiasts 18-40,8639,134134,20124,11012,2465,15.0,8.21,54.72,1.84
376,2024-02-10,Holiday Sales Event,Frequent Buyers 35-50,111172,Frequent Buyers 35-50,7967,103205,23045,11678,4078,22.33,11.32,50.67,3.95
377,2024-12-30,Seasonal Discount,Women 25-34,134025,Women 25-34,11091,122934,22510,10475,7336,18.31,8.52,46.53,5.97
378,2024-02-06,Fitness Gear Promo,Shopaholics 25-44,107505,Shopaholics 25-44,7308,100197,23008,3933,766,22.96,3.93,17.09,0.76
379,2024-10-17,Sustainability Product Launch,Previous Customers,124120,Previous Customers,9463,114657,30291,10524,5936,26.42,9.18,34.74,5.18
380,2025-02-17,Fitness Gear Promo,Women 25-34,81213,Women 25-34,6756,74457,13539,6468,4140,18.18,8.69,47.77,5.56
381,2025-04-24,School Supplies Promo,Seniors 55+,169227,Seniors 55+,14203,155024,29897,8356,9274,19.29,5.39,27.95,5.98
382,2024-09-19,School Supplies Promo,Fitness Enthusiasts 18-40,98440,Fitness Enthusiasts 18-40,9009,89431,16122,7992,3130,18.03,8.94,49.57,3.5
383,2025-02-14,New Product Launch,Frequent Buyers 35-50,182882,Frequent Buyers 35-50,18086,164796,27564,17262,2668,16.73,10.48,62.63,1.62
384,2024-11-08,School Supplies Promo,Previous Customers,121039,Previous Customers,11145,109894,32331,5986,2662,29.42,5.45,18.51,2.42
385,2024-04-30,Fitness Gear Promo,General Audience,185750,General Audience,12309,173441,41145,7506,8382,23.72,4.33,18.24,4.83
386,2025-05-28,Holiday Follow Up,Tech Enthusiasts 18-45,71673,Tech Enthusiasts 18-45,5902,65771,17483,4414,4572,26.58,6.71,25.25,6.95
387,2025-05-02,Seasonal Discount,Environment Advocates,69305,Environment Advocates,3631,65674,14393,2790,2793,21.92,4.25,19.38,4.25
388,2024-07-14,Fitness Gear Promo,Parents 30-50,89376,Parents 30-50,5991,83385,14324,6846,1679,17.18,8.21,47.79,2.01
389,2025-06-07,Holiday Follow Up,Parents 30-50,87352,Parents 30-50,5454,81898,23712,8095,2608,28.95,9.88,34.14,3.19
390,2025-02-18,Major Shopping Event,General Audience,87006,General Audience,5882,81124,19603,7042,3924,24.16,8.68,35.92,4.84
391,2024-04-28,Fitness Gear Promo,Previous Customers,129114,Previous Customers,6760,122354,21214,13523,719,17.34,11.05,63.75,0.59
392,2025-07-23,Brand Awareness,Tech Enthusiasts 18-45,178197,Tech Enthusiasts 18-45,14671,163526,30362,5670,11346,18.57,3.47,18.67,6.94
393,2024-07-27,Loyalty Program,Environment Advocates,66825,Environment Advocates,4933,61892,13503,6951,1805,21.82,11.23,51.48,2.92
394,2025-04-22,Sustainability Product Launch,Previous Customers,93578,Previous Customers,5011,88567,17733,6078,766,20.02,6.86,34.28,0.87
395,2024-05-15,Fitness Gear Promo,Environment Advocates,87400,Environment Advocates,6212,81188,17713,4016,5492,21.82,4.95,22.67,6.77
396,2024-03-19,Fitness Gear Promo,Fitness Enthusiasts 18-40,167482,Fitness Enthusiasts 18-40,14779,152703,29196,13081,9498,19.12,8.57,44.8,6.22
397,2024-08-08,Holiday Follow Up,Shopaholics 25-44,92407,Shopaholics 25-44,5234,87173,13127,5404,3291,15.06,6.2,41.17,3.78
398,2025-01-21,Brand Awareness,Young Adults 20-30,101370,Young Adults 20-30,6288,95082,24351,9658,2335,25.61,10.16,39.66,2.46
399,2025-07-24,New Product Launch,Women 25-34,192989,Women 25-34,13919,179070,37340,12163,5953,20.85,6.79,32.57,3.32
400,2024-11-11,Loyalty Program,Environment Advocates,109367,Environment Advocates,7898,101469,29423,12031,5049,29.0,11.86,40.89,4.98
401,2024-05-15,Sustainability Product Launch,Fitness Enthusiasts 18-40,169686,Fitness Enthusiasts 18-40,15501,154185,23376,14973,6451,15.16,9.71,64.05,4.18
402,2024-10-18,School Supplies Promo,Women 25-34,185229,Women 25-34,10184,175045,29292,20697,7167,16.73,11.82,70.66,4.09
403,2024-04-29,Clearance Sale,Parents 30-50,70407,Parents 30-50,5681,64726,9935,7448,3604,15.35,11.51,74.97,5.57
404,2025-06-12,Holiday Sales Event,Previous Customers,169829,Previous Customers,16516,153313,32390,14291,6853,21.13,9.32,44.12,4.47
405,2024-12-21,School Supplies Promo,Fitness Enthusiasts 18-40,124163,Fitness Enthusiasts 18-40,11597,112566,19171,12733,5954,17.03,11.31,66.42,5.29
406,2024-07-09,Holiday Follow Up,Women 25-34,173226,Women 25-34,12512,160714,47485,9530,5303,29.55,5.93,20.07,3.3
407,2025-05-20,Beta Testing Launch,Frequent Buyers 35-50,114444,Frequent Buyers 35-50,6717,107727,19357,10906,3262,17.97,10.12,56.34,3.03
408,2024-07-30,Sustainability Product Launch,Frequent Buyers 35-50,146087,Frequent Buyers 35-50,10730,135357,30098,5363,3596,22.24,3.96,17.82,2.66
409,2024-06-27,Holiday Sales Event,Environment Advocates,185391,Environment Advocates,13875,171516,43242,13741,3801,25.21,8.01,31.78,2.22
410,2025-02-27,Major Shopping Event,Parents 30-50,128105,Parents 30-50,11332,116773,23211,5887,1200,19.88,5.04,25.36,1.03
411,2024-03-23,Seasonal Discount,Parents 30-50,173337,Parents 30-50,13994,159343,38729,17433,2859,24.31,10.94,45.01,1.79
412,2024-02-09,Beta Testing Launch,Women 25-34,174651,Women 25-34,12117,162534,33139,19477,3228,20.39,11.98,58.77,1.99
413,2025-01-12,Clearance Sale,Fitness Enthusiasts 18-40,74088,Fitness Enthusiasts 18-40,3972,70116,18831,6786,2087,26.86,9.68,36.04,2.98
414,2024-09-13,Seasonal Discount,General Audience,103151,General Audience,6073,97078,16267,10980,1356,16.76,11.31,67.5,1.4
415,2025-03-30,Loyalty Program,Seniors 55+,195613,Seniors 55+,10866,184747,30256,12144,1123,16.38,6.57,40.14,0.61
416,2024-09-09,Seasonal Discount,Parents 30-50,132931,Parents 30-50,12520,120411,27386,13844,4093,22.74,11.5,50.55,3.4
417,2025-06-13,Sustainability Product Launch,Tech Enthusiasts 18-45,152323,Tech Enthusiasts 18-45,13139,139184,23147,12226,4660,16.63,8.78,52.82,3.35
418,2024-02-05,School Supplies Promo,Tech Enthusiasts 18-45,161431,Tech Enthusiasts 18-45,10002,151429,35647,11222,8527,23.54,7.41,31.48,5.63
419,2025-04-04,Fitness Gear Promo,Environment Advocates,77186,Environment Advocates,5134,72052,14985,6098,1567,20.8,8.46,40.69,2.17
420,2025-02-11,Brand Awareness,Tech Enthusiasts 18-45,63349,Tech Enthusiasts 18-45,6034,57315,12555,6836,613,21.91,11.93,54.45,1.07
421,2025-06-22,Loyalty Program,Women 25-34,55236,Women 25-34,4779,50457,12972,3404,3422,25.71,6.75,26.24,6.78
422,2025-03-26,Holiday Follow Up,Tech Enthusiasts 18-45,183006,Tech Enthusiasts 18-45,14408,168598,29612,14598,11465,17.56,8.66,49.3,6.8
423,2024-08-25,Holiday Sales Event,Young Professionals 25-40,191147,Young Professionals 25-40,11615,179532,45846,14723,7362,25.54,8.2,32.11,4.1
424,2024-10-07,Seasonal Discount,Shopaholics 25-44,195606,Shopaholics 25-44,13229,182377,40161,10982,4659,22.02,6.02,27.34,2.56
425,2024-12-07,Major Shopping Event,Young Adults 20-30,74238,Young Adults 20-30,5515,68723,16243,4998,1135,23.64,7.27,30.77,1.65
426,2025-07-15,Fitness Gear Promo,Environment Advocates,152876,Environment Advocates,9795,143081,27162,9038,3242,18.98,6.32,33.27,2.27
427,2025-04-16,Loyalty Program,Women 25-34,64869,Women 25-34,5866,59003,16079,6771,2143,27.25,11.48,42.11,3.63
428,2025-04-27,Sustainability Product Launch,Frequent Buyers 35-50,197993,Frequent Buyers 35-50,12617,185376,45735,12758,8849,24.67,6.88,27.9,4.77
429,2024-05-26,Loyalty Program,Young Professionals 25-40,136319,Young Professionals 25-40,9681,126638,24860,11990,1474,19.63,9.47,48.23,1.16
430,2024-08-30,Sustainability Product Launch,Tech Enthusiasts 18-45,162725,Tech Enthusiasts 18-45,8268,154457,46072,8227,7390,29.83,5.33,17.86,4.78
431,2024-01-26,Holiday Sales Event,Tech Enthusiasts 18-45,170269,Tech Enthusiasts 18-45,10462,159807,36702,6411,2683,22.97,4.01,17.47,1.68
432,2025-06-19,Holiday Sales Event,Young Adults 20-30,134792,Young Adults 20-30,11981,122811,27791,9944,2431,22.63,8.1,35.78,1.98
433,2024-12-19,School Supplies Promo,Frequent Buyers 35-50,140965,Frequent Buyers 35-50,11671,129294,34057,12634,5195,26.34,9.77,37.1,4.02
434,2024-02-12,Beta Testing Launch,Fitness Enthusiasts 18-40,107913,Fitness Enthusiasts 18-40,10263,97650,27273,3927,4929,27.93,4.02,14.4,5.05
435,2024-07-20,New Product Launch,Women 25-34,139158,Women 25-34,12184,126974,19106,13471,5089,15.05,10.61,70.51,4.01
436,2024-11-20,Holiday Follow Up,General Audience,129299,General Audience,10749,118550,23725,7568,4031,20.01,6.38,31.9,3.4
437,2024-12-03,Seasonal Discount,Shopaholics 25-44,146299,Shopaholics 25-44,9386,136913,28767,12093,1288,21.01,8.83,42.04,0.94
438,2024-03-20,Fitness Gear Promo,Environment Advocates,158625,Environment Advocates,11698,146927,37289,12834,1787,25.38,8.74,34.42,1.22
439,2024-04-24,New Product Launch,Previous Customers,75127,Previous Customers,5705,69422,17809,4110,1571,25.65,5.92,23.08,2.26
440,2024-05-11,Major Shopping Event,Tech Enthusiasts 18-45,192049,Tech Enthusiasts 18-45,17776,174273,49294,11465,4715,28.29,6.58,23.26,2.71
441,2024-04-08,Brand Awareness,Parents 30-50,159497,Parents 30-50,15277,144220,43102,12142,5845,29.89,8.42,28.17,4.05
442,2024-02-03,Beta Testing Launch,Seniors 55+,94093,Seniors 55+,8361,85732,13006,5445,1521,15.17,6.35,41.87,1.78
443,2025-07-13,Holiday Sales Event,Seniors 55+,59641,Seniors 55+,4124,55517,8526,3228,2994,15.36,5.82,37.86,5.39
444,2024-05-12,New Product Launch,Young Professionals 25-40,168558,Young Professionals 25-40,9984,158574,35226,12115,4371,22.21,7.64,34.39,2.76
445,2025-01-09,Holiday Follow Up,Fitness Enthusiasts 18-40,154963,Fitness Enthusiasts 18-40,12433,142530,33261,12375,6885,23.34,8.68,37.21,4.83
446,2025-02-13,Holiday Sales Event,Previous Customers,110312,Previous Customers,10558,99754,27965,3163,6349,28.03,3.17,11.31,6.37
447,2025-04-17,Seasonal Discount,Young Adults 20-30,114375,Young Adults 20-30,8735,105640,29592,10604,4435,28.01,10.04,35.83,4.2
448,2024-09-25,Holiday Sales Event,General Audience,191524,General Audience,13634,177890,43736,7927,7918,24.59,4.46,18.12,4.45
449,2025-04-02,Sustainability Product Launch,Young Adults 20-30,147239,Young Adults 20-30,11460,135779,36918,11112,1165,27.19,8.18,30.1,0.86
450,2025-05-23,Clearance Sale,Previous Customers,186228,Previous Customers,18592,167636,40384,10614,2332,24.09,6.33,26.28,1.39
451,2025-02-07,Seasonal Discount,Young Adults 20-30,61988,Young Adults 20-30,6019,55969,12757,5168,2502,22.79,9.23,40.51,4.47
452,2024-07-22,Brand Awareness,General Audience,67279,General Audience,4117,63162,11860,6073,1810,18.78,9.62,51.21,2.87
453,2025-05-26,New Product Launch,Young Professionals 25-40,197642,Young Professionals 25-40,14654,182988,46442,20641,5749,25.38,11.28,44.44,3.14
454,2024-02-14,Clearance Sale,Women 25-34,131277,Women 25-34,7230,124047,34900,12941,5575,28.14,10.43,37.08,4.49
455,2025-04-26,Clearance Sale,Seniors 55+,95796,Seniors 55+,9215,86581,16682,7850,6045,19.27,9.07,47.06,6.98
456,2024-05-30,School Supplies Promo,Tech Enthusiasts 18-45,176112,Tech Enthusiasts 18-45,9288,166824,49070,12715,4012,29.41,7.62,25.91,2.41
457,2024-12-18,School Supplies Promo,Environment Advocates,73142,Environment Advocates,5489,67653,16049,6668,3556,23.72,9.86,41.55,5.26
458,2024-04-08,School Supplies Promo,Young Professionals 25-40,77965,Young Professionals 25-40,7418,70547,13672,5150,4371,19.38,7.3,37.67,6.2
459,2024-08-01,Brand Awareness,Previous Customers,51569,Previous Customers,4807,46762,7528,2567,2299,16.1,5.49,34.1,4.92
460,2024-02-14,Loyalty Program,Tech Enthusiasts 18-45,73566,Tech Enthusiasts 18-45,5088,68478,18871,3188,2467,27.56,4.66,16.89,3.6
461,2025-07-18,Seasonal Discount,Parents 30-50,141216,Parents 30-50,8784,132432,29096,4880,4025,21.97,3.69,16.77,3.04
462,2024-11-04,New Product Launch,Environment Advocates,157063,Environment Advocates,15022,142041,30500,8181,1901,21.47,5.76,26.82,1.34
463,2024-09-18,New Product Launch,Women 25-34,146244,Women 25-34,14048,132196,26520,14479,7528,20.06,10.95,54.6,5.7
464,2024-10-29,Loyalty Program,Previous Customers,158901,Previous Customers,10986,147915,31560,11238,2760,21.34,7.6,35.61,1.87
465,2025-02-11,Brand Awareness,Young Professionals 25-40,56112,Young Professionals 25-40,4332,51780,10271,6060,2112,19.84,11.7,59.0,4.08
466,2024-04-26,Loyalty Program,Seniors 55+,64322,Seniors 55+,5882,58440,13200,5274,1021,22.59,9.03,39.95,1.75
467,2025-02-16,Brand Awareness,General Audience,190307,General Audience,9845,180462,50725,13696,8786,28.11,7.59,27.0,4.87
468,2025-05-01,Seasonal Discount,Young Professionals 25-40,83948,Young Professionals 25-40,7742,76206,13372,6793,1909,17.55,8.91,50.8,2.51
469,2024-08-20,Brand Awareness,Women 25-34,50718,Women 25-34,2821,47897,7341,1992,503,15.33,4.16,27.14,1.05
470,2024-10-30,Loyalty Program,Environment Advocates,169163,Environment Advocates,15123,154040,37805,15950,5791,24.54,10.35,42.19,3.76
471,2024-09-13,Sustainability Product Launch,Frequent Buyers 35-50,104631,Frequent Buyers 35-50,8017,96614,23330,9158,3885,24.15,9.48,39.25,4.02
472,2024-04-12,Holiday Follow Up,General Audience,184166,General Audience,12376,171790,44253,6099,9276,25.76,3.55,13.78,5.4
473,2024-06-15,Fitness Gear Promo,Parents 30-50,82830,Parents 30-50,5949,76881,17876,8806,5082,23.25,11.45,49.26,6.61
474,2025-06-27,New Product Launch,Young Professionals 25-40,103677,Young Professionals 25-40,8423,95254,27976,7576,6380,29.37,7.95,27.08,6.7
475,2024-02-22,Major Shopping Event,Women 25-34,155327,Women 25-34,8604,146723,29572,8504,5420,20.16,5.8,28.76,3.69
476,2025-02-12,Fitness Gear Promo,Women 25-34,143897,Women 25-34,13938,129959,24495,8202,6173,18.85,6.31,33.48,4.75
477,2024-08-31,Sustainability Product Launch,Young Professionals 25-40,130341,Young Professionals 25-40,7695,122646,28641,12474,683,23.35,10.17,43.55,0.56
478,2025-07-10,School Supplies Promo,Previous Customers,194892,Previous Customers,17939,176953,40466,11046,1149,22.87,6.24,27.3,0.65
479,2025-05-30,Clearance Sale,Seniors 55+,189677,Seniors 55+,17172,172505,51108,6780,5116,29.63,3.93,13.27,2.97
480,2024-07-02,Holiday Follow Up,Fitness Enthusiasts 18-40,100502,Fitness Enthusiasts 18-40,7489,93013,15877,7448,6412,17.07,8.01,46.91,6.89
481,2025-04-08,Major Shopping Event,Tech Enthusiasts 18-45,195083,Tech Enthusiasts 18-45,9990,185093,35071,14849,8264,18.95,8.02,42.34,4.47
482,2024-12-21,New Product Launch,Frequent Buyers 35-50,128184,Frequent Buyers 35-50,6568,121616,21583,11210,1578,17.75,9.22,51.94,1.3
483,2025-04-12,Holiday Sales Event,Tech Enthusiasts 18-45,70649,Tech Enthusiasts 18-45,6879,63770,18884,2754,2415,29.61,4.32,14.58,3.79
484,2025-03-27,New Product Launch,Environment Advocates,159952,Environment Advocates,8646,151306,36474,5073,2627,24.11,3.35,13.91,1.74
485,2025-06-10,Brand Awareness,Women 25-34,162497,Women 25-34,10968,151529,39959,17948,9435,26.37,11.84,44.92,6.23
486,2024-08-08,Seasonal Discount,Frequent Buyers 35-50,167452,Frequent Buyers 35-50,14238,153214,38910,5588,5989,25.4,3.65,14.36,3.91
487,2024-08-20,Sustainability Product Launch,Women 25-34,53116,Women 25-34,2941,50175,9337,3366,3223,18.61,6.71,36.05,6.43
488,2024-07-16,Loyalty Program,Frequent Buyers 35-50,159512,Frequent Buyers 35-50,11522,147990,26555,4958,1841,17.94,3.35,18.67,1.24
489,2024-10-17,New Product Launch,Women 25-34,192404,Women 25-34,19046,173358,43304,7936,2492,24.98,4.58,18.33,1.44
490,2024-03-04,Fitness Gear Promo,Young Adults 20-30,149955,Young Adults 20-30,13520,136435,23655,7140,8107,17.34,5.23,30.18,5.94
491,2024-04-27,Loyalty Program,Fitness Enthusiasts 18-40,79884,Fitness Enthusiasts 18-40,4875,75009,20304,2251,3793,27.07,3.0,11.09,5.06
492,2024-06-21,Major Shopping Event,Fitness Enthusiasts 18-40,51667,Fitness Enthusiasts 18-40,2876,48791,7414,4530,399,15.2,9.28,61.1,0.82
493,2025-05-26,School Supplies Promo,Frequent Buyers 35-50,57639,Frequent Buyers 35-50,3273,54366,14359,6187,1193,26.41,11.38,43.09,2.19
494,2025-01-29,Seasonal Discount,Fitness Enthusiasts 18-40,146133,Fitness Enthusiasts 18-40,10664,135469,34339,15253,2084,25.35,11.26,44.42,1.54
495,2024-06-26,Major Shopping Event,Parents 30-50,174004,Parents 30-50,9708,164296,38422,14779,10936,23.39,9.0,38.46,6.66
496,2024-07-21,Clearance Sale,Young Professionals 25-40,153818,Young Professionals 25-40,9133,144685,36607,8149,9942,25.3,5.63,22.26,6.87
497,2025-06-25,Clearance Sale,Seniors 55+,107731,Seniors 55+,6087,101644,21454,6983,5463,21.11,6.87,32.55,5.37
498,2025-03-21,Loyalty Program,Tech Enthusiasts 18-45,123377,Tech Enthusiasts 18-45,11805,111572,19125,12725,3163,17.14,11.41,66.54,2.83
499,2024-04-09,Seasonal Discount,Women 25-34,107944,Women 25-34,9474,98470,20397,6510,812,20.71,6.61,31.92,0.83
500,2025-02-19,Holiday Follow Up,Women 25-34,97099,Women 25-34,6339,90760,26403,2890,1570,29.09,3.19,10.95,1.73
501,2025-05-12,Sustainability Product Launch,Shopaholics 25-44,149107,Shopaholics 25-44,9180,139927,32544,6696,7360,23.26,4.79,20.58,5.26
502,2024-12-19,Holiday Follow Up,Previous Customers,150423,Previous Customers,8942,141481,36232,6138,8336,25.61,4.34,16.94,5.89
503,2024-07-20,Major Shopping Event,Tech Enthusiasts 18-45,88739,Tech Enthusiasts 18-45,6794,81945,14152,3039,2718,17.27,3.71,21.47,3.32
504,2024-04-02,Sustainability Product Launch,Shopaholics 25-44,151447,Shopaholics 25-44,8063,143384,26482,6937,8646,18.47,4.84,26.2,6.03
505,2024-10-29,Holiday Sales Event,Shopaholics 25-44,59676,Shopaholics 25-44,4511,55165,14989,5164,2738,27.17,9.36,34.45,4.96
506,2024-07-13,Sustainability Product Launch,Tech Enthusiasts 18-45,117352,Tech Enthusiasts 18-45,10734,106618,21396,8395,2024,20.07,7.87,39.24,1.9
507,2024-05-03,Fitness Gear Promo,Shopaholics 25-44,69280,Shopaholics 25-44,3612,65668,11943,2186,338,18.19,3.33,18.3,0.52
508,2025-06-07,School Supplies Promo,Fitness Enthusiasts 18-40,134396,Fitness Enthusiasts 18-40,12557,121839,18502,6853,3957,15.19,5.63,37.04,3.25
509,2025-04-11,Holiday Follow Up,Fitness Enthusiasts 18-40,178716,Fitness Enthusiasts 18-40,14971,163745,42792,14881,4819,26.13,9.09,34.78,2.94
510,2024-10-28,Brand Awareness,Young Adults 20-30,159043,Young Adults 20-30,13415,145628,26279,17344,9737,18.05,11.91,66.0,6.69
511,2024-07-16,Loyalty Program,Seniors 55+,124567,Seniors 55+,6295,118272,21856,8339,8058,18.48,7.05,38.15,6.81
512,2025-04-22,Beta Testing Launch,Women 25-34,181155,Women 25-34,16215,164940,29686,6790,8474,18.0,4.12,22.87,5.14
513,2024-10-11,Sustainability Product Launch,Young Adults 20-30,153567,Young Adults 20-30,13225,140342,36366,12234,7999,25.91,8.72,33.64,5.7
514,2024-06-27,Seasonal Discount,Frequent Buyers 35-50,71673,Frequent Buyers 35-50,6076,65597,16076,7826,1225,24.51,11.93,48.68,1.87
515,2024-06-16,Beta Testing Launch,Shopaholics 25-44,71432,Shopaholics 25-44,5136,66296,13196,2368,2698,19.91,3.57,17.94,4.07
516,2024-07-02,Fitness Gear Promo,General Audience,60941,General Audience,5524,55417,11145,4479,2914,20.11,8.08,40.19,5.26
517,2024-05-12,Sustainability Product Launch,Seniors 55+,57310,Seniors 55+,4970,52340,9912,2868,2764,18.94,5.48,28.93,5.28
518,2024-03-21,Holiday Follow Up,Young Professionals 25-40,101206,Young Professionals 25-40,5391,95815,20290,7218,5283,21.18,7.53,35.57,5.51
519,2024-05-16,Clearance Sale,Previous Customers,172172,Previous Customers,11851,160321,34273,13324,9377,21.38,8.31,38.88,5.85
520,2024-10-01,Sustainability Product Launch,General Audience,149676,General Audience,8111,141565,36421,5854,3945,25.73,4.14,16.07,2.79
521,2024-09-14,Loyalty Program,Young Professionals 25-40,132884,Young Professionals 25-40,9666,123218,30736,6236,7224,24.95,5.06,20.29,5.86
522,2025-05-31,Fitness Gear Promo,General Audience,144022,General Audience,14183,129839,34705,14293,8722,26.73,11.01,41.18,6.72
523,2024-05-07,Beta Testing Launch,Tech Enthusiasts 18-45,194415,Tech Enthusiasts 18-45,16786,177629,28060,15761,8592,15.8,8.87,56.17,4.84
524,2024-04-07,Seasonal Discount,Environment Advocates,66869,Environment Advocates,4009,62860,11364,3159,3340,18.08,5.03,27.8,5.31
525,2024-10-29,Holiday Sales Event,Young Adults 20-30,90535,Young Adults 20-30,6332,84203,19895,8143,1163,23.63,9.67,40.93,1.38
526,2024-08-29,Fitness Gear Promo,General Audience,179745,General Audience,10856,168889,34025,5552,4720,20.15,3.29,16.32,2.79
527,2024-08-31,Beta Testing Launch,Frequent Buyers 35-50,77405,Frequent Buyers 35-50,5699,71706,14311,3853,1424,19.96,5.37,26.92,1.99
528,2024-10-16,Seasonal Discount,Women 25-34,101931,Women 25-34,6000,95931,27039,11331,2347,28.19,11.81,41.91,2.45
529,2024-05-01,Seasonal Discount,Frequent Buyers 35-50,60008,Frequent Buyers 35-50,3761,56247,14516,2665,3137,25.81,4.74,18.36,5.58
530,2025-03-17,School Supplies Promo,Shopaholics 25-44,114708,Shopaholics 25-44,8150,106558,24386,8351,4536,22.89,7.84,34.25,4.26
531,2024-05-22,New Product Launch,Parents 30-50,65201,Parents 30-50,4338,60863,12182,2345,3793,20.02,3.85,19.25,6.23
532,2024-11-27,Major Shopping Event,Seniors 55+,147200,Seniors 55+,12488,134712,39567,10300,9273,29.37,7.65,26.03,6.88
533,2025-03-23,Major Shopping Event,Parents 30-50,154705,Parents 30-50,8688,146017,23708,10580,7281,16.24,7.25,44.63,4.99
534,2024-11-27,Holiday Follow Up,Seniors 55+,176557,Seniors 55+,13820,162737,40883,17041,9095,25.12,10.47,41.68,5.59
535,2025-05-25,Clearance Sale,Young Professionals 25-40,96384,Young Professionals 25-40,7776,88608,22871,7739,5528,25.81,8.73,33.84,6.24
536,2024-01-30,Clearance Sale,Fitness Enthusiasts 18-40,181707,Fitness Enthusiasts 18-40,17868,163839,26967,9048,6904,16.46,5.52,33.55,4.21
537,2024-07-31,Loyalty Program,Women 25-34,158816,Women 25-34,13760,145056,42195,4849,6896,29.09,3.34,11.49,4.75
538,2025-04-19,School Supplies Promo,Women 25-34,93637,Women 25-34,7571,86066,14237,2607,3791,16.54,3.03,18.31,4.4
539,2024-11-07,Sustainability Product Launch,Fitness Enthusiasts 18-40,67877,Fitness Enthusiasts 18-40,4751,63126,18453,4768,2939,29.23,7.55,25.84,4.66
540,2024-08-16,Fitness Gear Promo,Previous Customers,73724,Previous Customers,6220,67504,16947,6341,2974,25.11,9.39,37.42,4.41
541,2024-01-31,Beta Testing Launch,Previous Customers,54667,Previous Customers,3983,50684,8413,5669,2072,16.6,11.19,67.38,4.09
542,2024-09-19,Seasonal Discount,General Audience,189405,General Audience,16769,172636,47966,11615,10379,27.78,6.73,24.22,6.01
543,2024-05-19,Seasonal Discount,Fitness Enthusiasts 18-40,64106,Fitness Enthusiasts 18-40,6272,57834,10845,4937,1054,18.75,8.54,45.52,1.82
544,2025-04-15,Holiday Follow Up,General Audience,57686,General Audience,4268,53418,10772,5136,3172,20.17,9.62,47.68,5.94
545,2024-11-15,School Supplies Promo,Fitness Enthusiasts 18-40,62800,Fitness Enthusiasts 18-40,6172,56628,13020,6031,3907,22.99,10.65,46.32,6.9
546,2025-04-12,Loyalty Program,Previous Customers,95148,Previous Customers,7566,87582,17791,7490,1089,20.31,8.55,42.1,1.24
547,2025-02-11,Loyalty Program,Frequent Buyers 35-50,186058,Frequent Buyers 35-50,9559,176499,28040,6251,11470,15.89,3.54,22.29,6.5
548,2024-11-04,Clearance Sale,Fitness Enthusiasts 18-40,194967,Fitness Enthusiasts 18-40,13511,181456,39626,9758,5461,21.84,5.38,24.63,3.01
549,2024-06-25,Major Shopping Event,Shopaholics 25-44,137673,Shopaholics 25-44,13759,123914,32389,12722,6934,26.14,10.27,39.28,5.6
550,2024-07-24,Fitness Gear Promo,Frequent Buyers 35-50,112692,Frequent Buyers 35-50,10414,102278,16105,4200,5903,15.75,4.11,26.08,5.77
551,2024-09-16,Holiday Sales Event,Fitness Enthusiasts 18-40,92900,Fitness Enthusiasts 18-40,5909,86991,20003,5935,2845,22.99,6.82,29.67,3.27
552,2025-05-25,School Supplies Promo,Seniors 55+,111222,Seniors 55+,8477,102745,22203,6398,5198,21.61,6.23,28.82,5.06
553,2025-03-08,New Product Launch,Seniors 55+,150308,Seniors 55+,13933,136375,25959,13921,9319,19.04,10.21,53.63,6.83
554,2024-12-23,Clearance Sale,Environment Advocates,62076,Environment Advocates,6131,55945,9431,6517,710,16.86,11.65,69.1,1.27
555,2025-05-21,Seasonal Discount,Environment Advocates,154776,Environment Advocates,8036,146740,22325,11712,6461,15.21,7.98,52.46,4.4
556,2024-02-21,Sustainability Product Launch,Women 25-34,69643,Women 25-34,4333,65310,10175,7752,2728,15.58,11.87,76.19,4.18
557,2024-08-07,Major Shopping Event,Environment Advocates,168837,Environment Advocates,9680,159157,37651,15791,4419,23.66,9.92,41.94,2.78
558,2024-06-02,Sustainability Product Launch,Women 25-34,68977,Women 25-34,6384,62593,18039,3815,343,28.82,6.1,21.15,0.55
559,2024-07-04,Seasonal Discount,Shopaholics 25-44,63057,Shopaholics 25-44,5749,57308,10400,4972,3374,18.15,8.68,47.81,5.89
560,2025-04-24,Holiday Follow Up,Fitness Enthusiasts 18-40,198430,Fitness Enthusiasts 18-40,18109,180321,42990,15607,7009,23.84,8.66,36.3,3.89
561,2024-09-19,Holiday Follow Up,Young Professionals 25-40,70495,Young Professionals 25-40,4834,65661,11958,3719,1082,18.21,5.67,31.1,1.65
562,2024-12-18,Clearance Sale,Women 25-34,185073,Women 25-34,15488,169585,42751,12393,4688,25.21,7.31,28.99,2.76
563,2024-06-02,Beta Testing Launch,Young Adults 20-30,85546,Young Adults 20-30,7461,78085,15687,3951,2030,20.09,5.06,25.19,2.6
564,2024-12-13,Beta Testing Launch,Seniors 55+,168631,Seniors 55+,14874,153757,35671,15037,1752,23.2,9.78,42.15,1.14
565,2024-10-24,Clearance Sale,Shopaholics 25-44,78195,Shopaholics 25-44,4782,73413,19689,5034,1770,26.82,6.86,25.57,2.41
566,2024-09-22,Sustainability Product Launch,Seniors 55+,146523,Seniors 55+,12341,134182,30882,9742,2774,23.02,7.26,31.55,2.07
567,2025-06-07,Clearance Sale,General Audience,184430,General Audience,12113,172317,25909,17847,2944,15.04,10.36,68.88,1.71
568,2024-11-26,Brand Awareness,Environment Advocates,126455,Environment Advocates,9391,117064,28939,9455,1621,24.72,8.08,32.67,1.38
569,2024-11-17,Sustainability Product Launch,Parents 30-50,65175,Parents 30-50,3933,61242,10911,2924,2897,17.82,4.78,26.8,4.73
570,2024-10-04,Brand Awareness,Tech Enthusiasts 18-45,65552,Tech Enthusiasts 18-45,6338,59214,11041,3518,1538,18.65,5.94,31.86,2.6
571,2024-11-09,Clearance Sale,Tech Enthusiasts 18-45,166664,Tech Enthusiasts 18-45,14714,151950,45495,12012,4510,29.94,7.91,26.4,2.97
572,2025-02-18,Fitness Gear Promo,Women 25-34,114574,Women 25-34,5970,108604,21423,6523,1359,19.73,6.01,30.45,1.25
573,2024-11-08,Holiday Follow Up,Parents 30-50,73568,Parents 30-50,4570,68998,17270,4988,1636,25.03,7.23,28.88,2.37
574,2024-05-18,Beta Testing Launch,Fitness Enthusiasts 18-40,74874,Fitness Enthusiasts 18-40,7297,67577,16003,6567,2150,23.68,9.72,41.04,3.18
575,2025-04-12,Loyalty Program,Parents 30-50,179426,Parents 30-50,14243,165183,37476,17867,3791,22.69,10.82,47.68,2.3
576,2024-12-04,School Supplies Promo,Fitness Enthusiasts 18-40,93714,Fitness Enthusiasts 18-40,7304,86410,19545,3486,5152,22.62,4.03,17.84,5.96
577,2024-08-08,Seasonal Discount,General Audience,118449,General Audience,7155,111294,28579,6244,7150,25.68,5.61,21.85,6.43
578,2024-11-02,Loyalty Program,Previous Customers,144686,Previous Customers,11353,133333,32521,12093,6217,24.39,9.07,37.19,4.66
579,2024-05-25,Sustainability Product Launch,General Audience,145037,General Audience,9324,135713,20660,6221,5449,15.22,4.58,30.11,4.02
580,2024-07-30,Loyalty Program,Women 25-34,127456,Women 25-34,11808,115648,30104,10832,7124,26.03,9.37,35.98,6.16
581,2024-10-20,Beta Testing Launch,General Audience,93694,General Audience,7046,86648,16228,4371,4874,18.73,5.05,26.93,5.63
582,2024-09-04,Fitness Gear Promo,Environment Advocates,135083,Environment Advocates,13149,121934,31212,12545,1591,25.6,10.29,40.19,1.31
583,2025-02-27,Holiday Follow Up,Tech Enthusiasts 18-45,102740,Tech Enthusiasts 18-45,9914,92826,23131,9089,5832,24.92,9.79,39.29,6.28
584,2024-11-06,Beta Testing Launch,Seniors 55+,97908,Seniors 55+,6511,91397,21999,4990,909,24.07,5.46,22.68,1.0
585,2024-08-19,School Supplies Promo,Women 25-34,75428,Women 25-34,6175,69253,16392,5825,4537,23.67,8.41,35.54,6.55
586,2025-07-12,Holiday Follow Up,Environment Advocates,92406,Environment Advocates,6940,85466,20513,4847,5404,24.0,5.67,23.63,6.32
587,2024-02-19,Major Shopping Event,Shopaholics 25-44,72942,Shopaholics 25-44,4865,68077,10860,5622,2602,15.95,8.26,51.77,3.82
588,2024-03-05,School Supplies Promo,Previous Customers,180674,Previous Customers,13378,167296,46310,12690,9101,27.68,7.59,27.4,5.44
589,2025-01-17,Holiday Follow Up,Fitness Enthusiasts 18-40,100251,Fitness Enthusiasts 18-40,7912,92339,21987,8561,6408,23.81,9.27,38.94,6.94
590,2024-03-09,Sustainability Product Launch,Seniors 55+,61148,Seniors 55+,3732,57416,12408,6483,2930,21.61,11.29,52.25,5.1
591,2024-04-22,Holiday Follow Up,Environment Advocates,70962,Environment Advocates,3857,67105,11547,3249,1036,17.21,4.84,28.14,1.55
592,2024-08-13,Loyalty Program,Frequent Buyers 35-50,88587,Frequent Buyers 35-50,5984,82603,18501,3589,5263,22.4,4.35,19.4,6.37
593,2025-07-19,Loyalty Program,Seniors 55+,63126,Seniors 55+,3867,59259,9260,4828,1679,15.63,8.15,52.14,2.83
594,2024-04-21,Fitness Gear Promo,Young Professionals 25-40,156365,Young Professionals 25-40,8107,148258,29060,14303,2894,19.6,9.65,49.22,1.95
595,2024-07-19,Sustainability Product Launch,Young Professionals 25-40,185769,Young Professionals 25-40,12039,173730,41627,7962,12139,23.96,4.58,19.13,6.99
596,2025-01-30,Seasonal Discount,Frequent Buyers 35-50,132843,Frequent Buyers 35-50,11403,121440,33354,3683,1357,27.47,3.03,11.04,1.12
597,2025-01-10,Holiday Follow Up,Seniors 55+,92083,Seniors 55+,7618,84465,19979,6927,1208,23.65,8.2,34.67,1.43
598,2024-06-17,Major Shopping Event,Young Professionals 25-40,156086,Young Professionals 25-40,12997,143089,35701,14903,3836,24.95,10.42,41.74,2.68
599,2025-06-20,Holiday Sales Event,Young Professionals 25-40,80073,Young Professionals 25-40,4676,75397,13120,8037,1854,17.4,10.66,61.26,2.46
600,2024-10-04,Beta Testing Launch,Seniors 55+,113227,Seniors 55+,10721,102506,30571,3411,3790,29.82,3.33,11.16,3.7
601,2024-06-22,Beta Testing Launch,Young Professionals 25-40,186811,Young Professionals 25-40,10590,176221,31148,20908,10571,17.68,11.87,67.12,6.0
602,2025-05-20,School Supplies Promo,Tech Enthusiasts 18-45,75786,Tech Enthusiasts 18-45,5659,70127,20478,8275,3399,29.2,11.8,40.41,4.85
603,2024-02-05,Sustainability Product Launch,Previous Customers,52872,Previous Customers,3623,49249,14574,2932,752,29.59,5.95,20.12,1.53
604,2024-05-28,Sustainability Product Launch,Parents 30-50,56453,Parents 30-50,2824,53629,9705,5641,2547,18.1,10.52,58.12,4.75
605,2024-09-22,Brand Awareness,Parents 30-50,193187,Parents 30-50,16541,176646,46520,9322,5829,26.34,5.28,20.04,3.3
606,2024-03-15,Clearance Sale,Shopaholics 25-44,64611,Shopaholics 25-44,4863,59748,10449,2155,3357,17.49,3.61,20.62,5.62
607,2025-05-19,Brand Awareness,Fitness Enthusiasts 18-40,166878,Fitness Enthusiasts 18-40,15730,151148,24998,6656,3032,16.54,4.4,26.63,2.01
608,2024-08-24,Sustainability Product Launch,Young Adults 20-30,131044,Young Adults 20-30,7786,123258,31438,8414,5929,25.51,6.83,26.76,4.81
609,2024-05-25,Brand Awareness,Environment Advocates,153973,Environment Advocates,8356,145617,34858,10483,5531,23.94,7.2,30.07,3.8
610,2025-06-22,Beta Testing Launch,Frequent Buyers 35-50,51492,Frequent Buyers 35-50,3609,47883,9516,1824,1748,19.87,3.81,19.17,3.65
611,2025-05-18,School Supplies Promo,Parents 30-50,157590,Parents 30-50,11548,146042,29335,10261,1475,20.09,7.03,34.98,1.01
612,2025-06-06,Sustainability Product Launch,Frequent Buyers 35-50,50105,Frequent Buyers 35-50,5004,45101,10844,2045,1208,24.05,4.54,18.86,2.68
613,2024-10-01,Loyalty Program,Frequent Buyers 35-50,133984,Frequent Buyers 35-50,9530,124454,23056,7220,6833,18.53,5.8,31.32,5.49
614,2025-04-12,Clearance Sale,Frequent Buyers 35-50,72670,Frequent Buyers 35-50,5486,67184,10545,7163,1701,15.7,10.66,67.93,2.53
615,2024-12-26,Brand Awareness,Frequent Buyers 35-50,129494,Frequent Buyers 35-50,10583,118911,23354,5100,6571,19.64,4.29,21.84,5.53
616,2024-04-22,Loyalty Program,Shopaholics 25-44,136900,Shopaholics 25-44,12005,124895,33991,14938,5446,27.22,11.96,43.95,4.36
617,2025-01-05,Sustainability Product Launch,Environment Advocates,120647,Environment Advocates,9954,110693,22678,13247,2279,20.49,11.97,58.41,2.06
618,2025-06-07,Clearance Sale,Young Professionals 25-40,162875,Young Professionals 25-40,13244,149631,29857,5302,10068,19.95,3.54,17.76,6.73
619,2025-01-28,Major Shopping Event,Fitness Enthusiasts 18-40,170723,Fitness Enthusiasts 18-40,11425,159298,34283,12744,2029,21.52,8.0,37.17,1.27
620,2024-10-11,Major Shopping Event,Fitness Enthusiasts 18-40,59212,Fitness Enthusiasts 18-40,4578,54634,12298,3650,3089,22.51,6.68,29.68,5.66
621,2024-12-18,Brand Awareness,Seniors 55+,149913,Seniors 55+,9866,140047,39541,13760,8256,28.23,9.83,34.8,5.9
622,2025-05-30,School Supplies Promo,Shopaholics 25-44,67385,Shopaholics 25-44,4128,63257,12899,3974,1094,20.39,6.28,30.81,1.73
623,2024-09-28,School Supplies Promo,Parents 30-50,111032,Parents 30-50,10182,100850,26355,11096,1456,26.13,11.0,42.1,1.44
624,2025-05-18,Sustainability Product Launch,Young Adults 20-30,61358,Young Adults 20-30,5864,55494,15955,6008,1343,28.75,10.83,37.66,2.42
625,2025-06-28,Seasonal Discount,General Audience,107290,General Audience,9584,97706,26967,11054,6520,27.6,11.31,40.99,6.67
626,2025-06-29,Beta Testing Launch,Tech Enthusiasts 18-45,185434,Tech Enthusiasts 18-45,14192,171242,40375,13808,7428,23.58,8.06,34.2,4.34
627,2025-01-24,Fitness Gear Promo,Shopaholics 25-44,162271,Shopaholics 25-44,13536,148735,38313,6716,7906,25.76,4.52,17.53,5.32
628,2025-06-04,School Supplies Promo,Young Professionals 25-40,130758,Young Professionals 25-40,8413,122345,26790,5796,4810,21.9,4.74,21.63,3.93
629,2024-12-18,Brand Awareness,Parents 30-50,59599,Parents 30-50,3779,55820,9772,2623,714,17.51,4.7,26.84,1.28
630,2024-07-05,School Supplies Promo,Shopaholics 25-44,121018,Shopaholics 25-44,8535,112483,33546,10077,6818,29.82,8.96,30.04,6.06
631,2024-02-07,Major Shopping Event,General Audience,97941,General Audience,9594,88347,21098,5673,6158,23.88,6.42,26.89,6.97
632,2025-03-04,Fitness Gear Promo,Young Adults 20-30,150680,Young Adults 20-30,13077,137603,25310,6255,4901,18.39,4.55,24.71,3.56
633,2025-05-03,Clearance Sale,Young Adults 20-30,85951,Young Adults 20-30,5222,80729,15146,8764,2031,18.76,10.86,57.86,2.52
634,2024-02-11,Fitness Gear Promo,Shopaholics 25-44,144107,Shopaholics 25-44,7280,136827,32477,15658,9119,23.74,11.44,48.21,6.66
635,2024-06-30,Brand Awareness,Tech Enthusiasts 18-45,129259,Tech Enthusiasts 18-45,7471,121788,19167,12839,3928,15.74,10.54,66.98,3.23
636,2025-04-24,New Product Launch,Shopaholics 25-44,87105,Shopaholics 25-44,5135,81970,16657,2765,3195,20.32,3.37,16.6,3.9
637,2024-05-24,New Product Launch,Environment Advocates,89776,Environment Advocates,6219,83557,22129,9435,1177,26.48,11.29,42.64,1.41
638,2024-03-29,School Supplies Promo,General Audience,155031,General Audience,12029,143002,34069,8957,9455,23.82,6.26,26.29,6.61
639,2024-04-03,Loyalty Program,Women 25-34,68894,Women 25-34,6386,62508,13801,4809,2846,22.08,7.69,34.85,4.55
640,2025-06-09,Beta Testing Launch,Fitness Enthusiasts 18-40,54224,Fitness Enthusiasts 18-40,4470,49754,14521,2083,817,29.19,4.19,14.34,1.64
641,2024-05-28,New Product Launch,Seniors 55+,186525,Seniors 55+,16867,169658,26985,18784,6509,15.91,11.07,69.61,3.84
642,2024-03-11,School Supplies Promo,Tech Enthusiasts 18-45,158217,Tech Enthusiasts 18-45,11305,146912,32382,12761,9702,22.04,8.69,39.41,6.6
643,2024-09-10,New Product Launch,Women 25-34,72665,Women 25-34,5243,67422,10521,3637,2535,15.61,5.39,34.57,3.76
644,2024-10-14,Beta Testing Launch,Parents 30-50,160495,Parents 30-50,15979,144516,39600,9478,4568,27.4,6.56,23.93,3.16
645,2024-05-11,School Supplies Promo,Seniors 55+,181832,Seniors 55+,17240,164592,44038,13577,5067,26.76,8.25,30.83,3.08
646,2024-03-10,Major Shopping Event,Previous Customers,88417,Previous Customers,4565,83852,24941,7118,4171,29.74,8.49,28.54,4.97
647,2024-07-03,Holiday Follow Up,Young Professionals 25-40,146150,Young Professionals 25-40,12563,133587,21750,6050,4602,16.28,4.53,27.82,3.45
648,2025-05-14,New Product Launch,Frequent Buyers 35-50,159788,Frequent Buyers 35-50,13342,146446,37578,14282,1453,25.66,9.75,38.01,0.99
649,2024-05-23,Brand Awareness,Fitness Enthusiasts 18-40,192431,Fitness Enthusiasts 18-40,15722,176709,51252,17850,7438,29.0,10.1,34.83,4.21
650,2024-02-21,Clearance Sale,Shopaholics 25-44,186964,Shopaholics 25-44,16720,170244,28320,10854,2796,16.64,6.38,38.33,1.64
651,2025-02-23,Loyalty Program,Previous Customers,82426,Previous Customers,6383,76043,15734,3469,2381,20.69,4.56,22.05,3.13
652,2024-06-21,Holiday Follow Up,General Audience,157571,General Audience,15431,142140,34000,12633,3481,23.92,8.89,37.16,2.45
653,2024-08-24,Brand Awareness,Seniors 55+,115416,Seniors 55+,10938,104478,21634,6690,1437,20.71,6.4,30.92,1.38
654,2024-02-17,Clearance Sale,General Audience,110986,General Audience,8746,102240,26662,9568,5116,26.08,9.36,35.89,5.0
655,2025-07-06,Beta Testing Launch,Seniors 55+,187075,Seniors 55+,14136,172939,50671,6250,1474,29.3,3.61,12.33,0.85
656,2025-02-16,School Supplies Promo,Fitness Enthusiasts 18-40,180984,Fitness Enthusiasts 18-40,14668,166316,49413,5710,6938,29.71,3.43,11.56,4.17
657,2025-01-23,Holiday Sales Event,Shopaholics 25-44,104931,Shopaholics 25-44,10059,94872,27142,10410,6299,28.61,10.97,38.35,6.64
658,2025-01-06,Sustainability Product Launch,Young Adults 20-30,141058,Young Adults 20-30,11313,129745,25955,11968,8210,20.01,9.22,46.11,6.33
659,2024-07-14,Loyalty Program,Young Professionals 25-40,156248,Young Professionals 25-40,12408,143840,30054,7506,7031,20.89,5.22,24.98,4.89
660,2025-02-18,School Supplies Promo,Previous Customers,138469,Previous Customers,6993,131476,29546,15397,3441,22.47,11.71,52.11,2.62
661,2024-07-02,Holiday Sales Event,Young Adults 20-30,96275,Young Adults 20-30,9493,86782,20847,4026,4285,24.02,4.64,19.31,4.94
662,2025-02-12,Holiday Sales Event,Fitness Enthusiasts 18-40,142036,Fitness Enthusiasts 18-40,11378,130658,26861,4843,3949,20.56,3.71,18.03,3.02
663,2025-01-10,Seasonal Discount,Environment Advocates,80667,Environment Advocates,5804,74863,15217,4100,539,20.33,5.48,26.94,0.72
664,2024-12-15,Brand Awareness,Shopaholics 25-44,171641,Shopaholics 25-44,9537,162104,40753,18846,10055,25.14,11.63,46.24,6.2
665,2024-03-01,Seasonal Discount,Women 25-34,89617,Women 25-34,5662,83955,16898,4393,1967,20.13,5.23,26.0,2.34
666,2024-09-30,Holiday Follow Up,Women 25-34,192505,Women 25-34,14015,178490,34451,6407,3445,19.3,3.59,18.6,1.93
667,2025-03-31,Fitness Gear Promo,Frequent Buyers 35-50,105438,Frequent Buyers 35-50,7315,98123,22302,8221,5789,22.73,8.38,36.86,5.9
668,2025-02-21,School Supplies Promo,Women 25-34,196111,Women 25-34,15168,180943,54271,9027,7584,29.99,4.99,16.63,4.19
669,2025-05-22,Brand Awareness,Shopaholics 25-44,164959,Shopaholics 25-44,16430,148529,32342,10635,2532,21.78,7.16,32.88,1.7
670,2024-07-04,New Product Launch,Previous Customers,70254,Previous Customers,6508,63746,16428,5727,2953,25.77,8.98,34.86,4.63
671,2024-09-10,Sustainability Product Launch,Fitness Enthusiasts 18-40,198825,Fitness Enthusiasts 18-40,17433,181392,31999,20229,7855,17.64,11.15,63.22,4.33
672,2024-01-27,New Product Launch,Previous Customers,76676,Previous Customers,6859,69817,19057,5424,3904,27.3,7.77,28.46,5.59
673,2024-08-17,Brand Awareness,Parents 30-50,69735,Parents 30-50,4260,65475,10730,3956,2572,16.39,6.04,36.87,3.93
674,2025-07-25,Loyalty Program,Young Professionals 25-40,71318,Young Professionals 25-40,6978,64340,12126,5736,3463,18.85,8.92,47.3,5.38
675,2024-06-13,Brand Awareness,Frequent Buyers 35-50,173994,Frequent Buyers 35-50,11642,162352,44208,10455,2877,27.23,6.44,23.65,1.77
676,2024-08-24,Sustainability Product Launch,Frequent Buyers 35-50,63639,Frequent Buyers 35-50,4438,59201,13662,1800,3491,23.08,3.04,13.18,5.9
677,2024-04-15,Holiday Follow Up,Young Professionals 25-40,67849,Young Professionals 25-40,3885,63964,12682,6317,1371,19.83,9.88,49.81,2.14
678,2024-11-15,Sustainability Product Launch,Frequent Buyers 35-50,94747,Frequent Buyers 35-50,5604,89143,20402,3069,4358,22.89,3.44,15.04,4.89
679,2025-05-27,Loyalty Program,Women 25-34,69956,Women 25-34,5937,64019,11981,5627,4307,18.71,8.79,46.97,6.73
680,2025-06-06,Brand Awareness,Young Professionals 25-40,145442,Young Professionals 25-40,13799,131643,33501,8406,1067,25.45,6.39,25.09,0.81
681,2025-06-05,School Supplies Promo,Frequent Buyers 35-50,128912,Frequent Buyers 35-50,10755,118157,28541,8992,663,24.16,7.61,31.51,0.56
682,2024-05-26,Holiday Sales Event,Environment Advocates,138654,Environment Advocates,10320,128334,27157,7453,3613,21.16,5.81,27.44,2.82
683,2025-07-07,Holiday Sales Event,Tech Enthusiasts 18-45,145578,Tech Enthusiasts 18-45,10495,135083,23536,14285,1873,17.42,10.58,60.69,1.39
684,2024-05-10,Brand Awareness,Parents 30-50,130185,Parents 30-50,9851,120334,18684,7063,7716,15.53,5.87,37.8,6.41
685,2025-04-19,Loyalty Program,Previous Customers,115153,Previous Customers,10880,104273,25773,4216,2001,24.72,4.04,16.36,1.92
686,2025-02-19,Brand Awareness,Previous Customers,84840,Previous Customers,6836,78004,16033,7099,2424,20.55,9.1,44.28,3.11
687,2025-02-16,Seasonal Discount,Seniors 55+,195410,Seniors 55+,19370,176040,33239,18301,9064,18.88,10.4,55.06,5.15
688,2024-05-26,Sustainability Product Launch,Young Professionals 25-40,124706,Young Professionals 25-40,9675,115031,33239,9656,3146,28.9,8.39,29.05,2.74
689,2024-09-09,Holiday Sales Event,Tech Enthusiasts 18-45,90400,Tech Enthusiasts 18-45,5039,85361,23884,7425,1576,27.98,8.7,31.09,1.85
690,2025-03-25,Holiday Follow Up,Young Adults 20-30,70942,Young Adults 20-30,3550,67392,18440,3674,2915,27.36,5.45,19.92,4.33
691,2025-06-30,Seasonal Discount,Parents 30-50,169682,Parents 30-50,14544,155138,44507,14883,4503,28.69,9.59,33.44,2.9
692,2025-07-08,New Product Launch,Environment Advocates,197714,Environment Advocates,18324,179390,43768,11856,4142,24.4,6.61,27.09,2.31
693,2024-02-01,Loyalty Program,Previous Customers,57857,Previous Customers,4342,53515,11860,4037,1092,22.16,7.54,34.04,2.04
694,2024-10-16,Clearance Sale,Environment Advocates,79889,Environment Advocates,6056,73833,14285,7088,4439,19.35,9.6,49.62,6.01
695,2025-02-08,Sustainability Product Launch,Tech Enthusiasts 18-45,154659,Tech Enthusiasts 18-45,12654,142005,40798,12978,7662,28.73,9.14,31.81,5.4
696,2024-10-02,Holiday Sales Event,Tech Enthusiasts 18-45,133099,Tech Enthusiasts 18-45,12460,120639,21582,10926,6713,17.89,9.06,50.63,5.57
697,2025-03-09,Holiday Sales Event,Parents 30-50,123333,Parents 30-50,6503,116830,29771,10912,2212,25.48,9.34,36.65,1.89
698,2024-10-06,Fitness Gear Promo,Women 25-34,56151,Women 25-34,4435,51716,8910,5309,1287,17.23,10.27,59.58,2.49
699,2025-06-23,Major Shopping Event,Fitness Enthusiasts 18-40,100772,Fitness Enthusiasts 18-40,6932,93840,22234,6590,975,23.69,7.02,29.64,1.04
700,2024-05-22,Holiday Sales Event,Parents 30-50,178474,Parents 30-50,11333,167141,31967,8432,7194,19.13,5.04,26.38,4.3
701,2024-10-25,Loyalty Program,Tech Enthusiasts 18-45,90903,Tech Enthusiasts 18-45,7682,83221,21525,7150,1642,25.87,8.59,33.22,1.97
702,2025-01-23,Major Shopping Event,Previous Customers,133333,Previous Customers,6894,126439,31724,5925,3015,25.09,4.69,18.68,2.39
703,2025-06-11,School Supplies Promo,Environment Advocates,124390,Environment Advocates,7882,116508,32974,13371,3788,28.3,11.48,40.55,3.25
704,2025-07-04,Brand Awareness,Previous Customers,74405,Previous Customers,6844,67561,19769,5684,3969,29.26,8.41,28.75,5.88
705,2024-11-24,Clearance Sale,Parents 30-50,50330,Parents 30-50,4808,45522,10403,3743,1767,22.85,8.22,35.98,3.88
706,2024-08-09,Sustainability Product Launch,Young Adults 20-30,52013,Young Adults 20-30,5043,46970,13213,1997,236,28.13,4.25,15.11,0.5
707,2025-04-17,Holiday Sales Event,General Audience,126292,General Audience,7791,118501,21573,7615,4104,18.21,6.43,35.3,3.46
708,2025-01-21,Loyalty Program,Frequent Buyers 35-50,63143,Frequent Buyers 35-50,4482,58661,15622,2043,3400,26.63,3.48,13.08,5.8
709,2024-12-10,Major Shopping Event,Young Adults 20-30,197443,Young Adults 20-30,18079,179364,34862,12666,9754,19.44,7.06,36.33,5.44
710,2025-01-10,New Product Launch,Environment Advocates,196802,Environment Advocates,17217,179585,32579,13688,11916,18.14,7.62,42.01,6.64
711,2025-04-30,Major Shopping Event,Parents 30-50,62208,Parents 30-50,4690,57518,12798,5326,3659,22.25,9.26,41.62,6.36
712,2024-08-22,Fitness Gear Promo,Fitness Enthusiasts 18-40,82973,Fitness Enthusiasts 18-40,5838,77135,11630,4221,3084,15.08,5.47,36.29,4.0
713,2024-12-08,Major Shopping Event,Seniors 55+,158963,Seniors 55+,9585,149378,30944,17378,8708,20.72,11.63,56.16,5.83
714,2024-07-12,Holiday Follow Up,Shopaholics 25-44,176285,Shopaholics 25-44,10405,165880,31058,5472,4025,18.72,3.3,17.62,2.43
715,2024-03-05,Loyalty Program,Young Professionals 25-40,130753,Young Professionals 25-40,12004,118749,26255,11301,2988,22.11,9.52,43.04,2.52
716,2024-03-05,Sustainability Product Launch,Tech Enthusiasts 18-45,65206,Tech Enthusiasts 18-45,6251,58955,15293,5818,4015,25.94,9.87,38.04,6.81
717,2025-07-05,Holiday Follow Up,Frequent Buyers 35-50,179715,Frequent Buyers 35-50,10107,169608,26495,11644,7678,15.62,6.87,43.95,4.53
718,2024-06-30,New Product Launch,Environment Advocates,95809,Environment Advocates,8476,87333,16618,5197,5738,19.03,5.95,31.27,6.57
719,2025-01-26,Seasonal Discount,Young Adults 20-30,127205,Young Adults 20-30,7381,119824,31124,10577,1300,25.98,8.83,33.98,1.09
720,2025-07-14,Holiday Sales Event,Young Adults 20-30,175267,Young Adults 20-30,10642,164625,33589,11826,5857,20.4,7.18,35.21,3.56
721,2024-10-22,New Product Launch,General Audience,77174,General Audience,5710,71464,11145,3346,1840,15.6,4.68,30.02,2.58
722,2025-02-07,Loyalty Program,Young Adults 20-30,76260,Young Adults 20-30,4424,71836,13296,8345,3569,18.51,11.62,62.76,4.97
723,2024-08-31,School Supplies Promo,Shopaholics 25-44,120058,Shopaholics 25-44,10027,110031,26653,7307,6407,24.22,6.64,27.42,5.82
724,2025-01-03,Beta Testing Launch,Women 25-34,76060,Women 25-34,6670,69390,20800,4000,3755,29.98,5.77,19.23,5.41
725,2024-06-16,School Supplies Promo,Parents 30-50,154677,Parents 30-50,8907,145770,42241,14461,2777,28.98,9.92,34.23,1.91
726,2024-02-16,Seasonal Discount,Women 25-34,122000,Women 25-34,11705,110295,24485,8224,2333,22.2,7.46,33.59,2.12
727,2024-11-02,Seasonal Discount,Tech Enthusiasts 18-45,60199,Tech Enthusiasts 18-45,5748,54451,8774,3959,1086,16.12,7.27,45.12,1.99
728,2024-08-25,Fitness Gear Promo,Frequent Buyers 35-50,162662,Frequent Buyers 35-50,9064,153598,40613,15434,3275,26.44,10.05,38.0,2.13
729,2025-02-15,Beta Testing Launch,Previous Customers,195115,Previous Customers,14076,181039,44421,7647,5431,24.54,4.22,17.21,3.0
730,2024-12-11,Clearance Sale,Parents 30-50,75335,Parents 30-50,4938,70397,13012,3217,3498,18.49,4.57,24.72,4.97
731,2025-04-22,School Supplies Promo,Tech Enthusiasts 18-45,74942,Tech Enthusiasts 18-45,6736,68206,18530,3411,503,27.17,5.0,18.41,0.74
732,2024-04-03,School Supplies Promo,Parents 30-50,135294,Parents 30-50,10907,124387,20732,5222,1324,16.67,4.2,25.19,1.06
733,2025-04-03,Brand Awareness,Frequent Buyers 35-50,102319,Frequent Buyers 35-50,7236,95083,24124,4103,3234,25.37,4.32,17.01,3.4
734,2025-07-18,Fitness Gear Promo,Frequent Buyers 35-50,123389,Frequent Buyers 35-50,8638,114751,18294,4506,7678,15.94,3.93,24.63,6.69
735,2025-07-10,Major Shopping Event,Previous Customers,170885,Previous Customers,11360,159525,29897,15547,9032,18.74,9.75,52.0,5.66
736,2024-10-23,Beta Testing Launch,Fitness Enthusiasts 18-40,131597,Fitness Enthusiasts 18-40,10673,120924,22425,10312,7554,18.55,8.53,45.98,6.25
737,2024-03-14,Clearance Sale,Women 25-34,71890,Women 25-34,5638,66252,11362,7234,1093,17.15,10.92,63.67,1.65
738,2024-07-30,Holiday Sales Event,Tech Enthusiasts 18-45,194935,Tech Enthusiasts 18-45,10980,183955,29566,16287,5285,16.07,8.85,55.09,2.87
739,2024-03-13,New Product Launch,Environment Advocates,180445,Environment Advocates,18017,162428,24632,8136,3920,15.17,5.01,33.03,2.41
740,2024-08-09,New Product Launch,General Audience,130229,General Audience,7751,122478,34940,8418,6028,28.53,6.87,24.09,4.92
741,2024-09-21,Seasonal Discount,Previous Customers,147277,Previous Customers,11392,135885,26031,8504,2198,19.16,6.26,32.67,1.62
742,2024-10-24,Brand Awareness,Women 25-34,193344,Women 25-34,14190,179154,48174,17803,11022,26.89,9.94,36.96,6.15
743,2024-02-03,New Product Launch,Young Professionals 25-40,62586,Young Professionals 25-40,4026,58560,15309,2440,1572,26.14,4.17,15.94,2.68
744,2024-06-22,Loyalty Program,Young Adults 20-30,111653,Young Adults 20-30,7872,103781,25299,3765,6171,24.38,3.63,14.88,5.95
745,2025-05-05,Fitness Gear Promo,General Audience,107388,General Audience,7248,100140,28851,3391,4810,28.81,3.39,11.75,4.8
746,2024-12-01,Loyalty Program,Tech Enthusiasts 18-45,165485,Tech Enthusiasts 18-45,15068,150417,23266,6840,3573,15.47,4.55,29.4,2.38
747,2025-06-12,School Supplies Promo,Environment Advocates,130188,Environment Advocates,8661,121527,35459,14547,4536,29.18,11.97,41.02,3.73
748,2025-02-05,Major Shopping Event,Environment Advocates,95087,Environment Advocates,7516,87571,20736,4180,4836,23.68,4.77,20.16,5.52
749,2025-04-14,Seasonal Discount,Tech Enthusiasts 18-45,120456,Tech Enthusiasts 18-45,7083,113373,26859,11857,1237,23.69,10.46,44.15,1.09
750,2024-07-06,Loyalty Program,Seniors 55+,183322,Seniors 55+,14793,168529,40610,5302,5810,24.1,3.15,13.06,3.45
751,2025-06-13,Beta Testing Launch,Frequent Buyers 35-50,150011,Frequent Buyers 35-50,7831,142180,21629,5779,6283,15.21,4.06,26.72,4.42
752,2025-04-21,Holiday Follow Up,Fitness Enthusiasts 18-40,135625,Fitness Enthusiasts 18-40,8718,126907,37198,14784,3286,29.31,11.65,39.74,2.59
753,2025-06-10,Beta Testing Launch,Frequent Buyers 35-50,168845,Frequent Buyers 35-50,12426,156419,25290,18242,10176,16.17,11.66,72.13,6.51
754,2024-03-06,Holiday Follow Up,Young Professionals 25-40,93290,Young Professionals 25-40,4917,88373,19561,5734,726,22.13,6.49,29.31,0.82
755,2024-12-23,Major Shopping Event,Fitness Enthusiasts 18-40,98013,Fitness Enthusiasts 18-40,6330,91683,17301,9699,3212,18.87,10.58,56.06,3.5
756,2024-12-03,School Supplies Promo,Young Adults 20-30,156742,Young Adults 20-30,11128,145614,39873,6440,4713,27.38,4.42,16.15,3.24
757,2024-06-03,Brand Awareness,Parents 30-50,61604,Parents 30-50,4110,57494,13762,3279,3217,23.94,5.7,23.83,5.6
758,2024-07-17,Holiday Follow Up,Previous Customers,177401,Previous Customers,16241,161160,33327,10024,8051,20.68,6.22,30.08,5.0
759,2024-08-30,Clearance Sale,Frequent Buyers 35-50,144696,Frequent Buyers 35-50,14004,130692,28933,10516,5770,22.14,8.05,36.35,4.42
760,2024-06-23,Brand Awareness,Environment Advocates,75228,Environment Advocates,6427,68801,10392,6153,2955,15.1,8.94,59.21,4.3
761,2025-02-09,Fitness Gear Promo,Tech Enthusiasts 18-45,51861,Tech Enthusiasts 18-45,4961,46900,8223,1660,2318,17.54,3.54,20.19,4.94
762,2024-09-12,Brand Awareness,Environment Advocates,145888,Environment Advocates,13175,132713,22682,13883,3724,17.09,10.46,61.21,2.81
763,2024-03-22,Fitness Gear Promo,Previous Customers,106898,Previous Customers,10525,96373,24328,6897,1532,25.24,7.16,28.35,1.59
764,2024-05-22,Sustainability Product Launch,Women 25-34,119123,Women 25-34,11580,107543,26225,10764,4296,24.39,10.01,41.04,4.0
765,2025-07-08,Fitness Gear Promo,General Audience,159261,General Audience,13578,145683,40595,13616,8407,27.87,9.35,33.54,5.77
766,2024-03-29,Clearance Sale,Young Professionals 25-40,79529,Young Professionals 25-40,7503,72026,20508,7072,4666,28.47,9.82,34.48,6.48
767,2025-06-03,Seasonal Discount,Young Professionals 25-40,138698,Young Professionals 25-40,11365,127333,24785,7760,7975,19.47,6.09,31.31,6.26
768,2025-07-04,Loyalty Program,Young Adults 20-30,71363,Young Adults 20-30,6052,65311,13280,3327,1813,20.33,5.1,25.05,2.78
769,2024-07-28,Beta Testing Launch,Tech Enthusiasts 18-45,116943,Tech Enthusiasts 18-45,8863,108080,18557,3621,7487,17.17,3.35,19.51,6.93
770,2025-01-24,Seasonal Discount,General Audience,193511,General Audience,15612,177899,43843,12576,9920,24.65,7.07,28.68,5.58
771,2024-04-20,Holiday Follow Up,Tech Enthusiasts 18-45,67575,Tech Enthusiasts 18-45,5640,61935,12683,4135,2276,20.48,6.68,32.6,3.68
772,2025-04-07,Holiday Sales Event,Seniors 55+,180078,Seniors 55+,11050,169028,43389,20022,7024,25.67,11.85,46.15,4.16
773,2025-02-07,Clearance Sale,Tech Enthusiasts 18-45,109627,Tech Enthusiasts 18-45,7326,102301,20049,11671,1799,19.6,11.41,58.21,1.76
774,2024-03-31,Beta Testing Launch,General Audience,77302,General Audience,4966,72336,12403,3164,525,17.15,4.37,25.51,0.73
775,2024-03-10,New Product Launch,Shopaholics 25-44,99391,Shopaholics 25-44,5242,94149,17516,6711,4834,18.61,7.13,38.31,5.14
776,2025-07-06,Clearance Sale,Previous Customers,128452,Previous Customers,9972,118480,27723,8045,655,23.4,6.79,29.02,0.55
777,2024-05-29,Brand Awareness,Tech Enthusiasts 18-45,88304,Tech Enthusiasts 18-45,6963,81341,13965,8988,546,17.17,11.05,64.36,0.67
778,2024-03-02,Fitness Gear Promo,Young Adults 20-30,74298,Young Adults 20-30,7270,67028,13127,4493,4111,19.59,6.7,34.23,6.13
779,2025-05-13,Brand Awareness,Environment Advocates,180848,Environment Advocates,11345,169503,31583,6630,5911,18.63,3.91,20.99,3.49
780,2024-10-17,Sustainability Product Launch,Tech Enthusiasts 18-45,73554,Tech Enthusiasts 18-45,4895,68659,12747,6164,4175,18.57,8.98,48.36,6.08
781,2025-03-28,Holiday Sales Event,Women 25-34,89967,Women 25-34,5091,84876,20520,2902,3424,24.18,3.42,14.14,4.03
782,2024-02-10,Major Shopping Event,Young Professionals 25-40,101650,Young Professionals 25-40,9658,91992,20530,10873,1210,22.32,11.82,52.96,1.32
783,2024-02-09,Holiday Follow Up,Fitness Enthusiasts 18-40,193383,Fitness Enthusiasts 18-40,12153,181230,35926,7178,3701,19.82,3.96,19.98,2.04
784,2025-05-26,Loyalty Program,Parents 30-50,187547,Parents 30-50,11314,176233,37644,9045,2326,21.36,5.13,24.03,1.32
785,2024-12-23,Brand Awareness,Environment Advocates,55877,Environment Advocates,3365,52512,9133,2961,1561,17.39,5.64,32.42,2.97
786,2025-03-05,Seasonal Discount,Seniors 55+,95971,Seniors 55+,5267,90704,21394,5995,3361,23.59,6.61,28.02,3.71
787,2025-02-10,Fitness Gear Promo,Frequent Buyers 35-50,159643,Frequent Buyers 35-50,8893,150750,29262,14940,5301,19.41,9.91,51.06,3.52
788,2025-06-01,Loyalty Program,Parents 30-50,114771,Parents 30-50,8024,106747,23959,3458,4594,22.45,3.24,14.43,4.3
789,2024-02-10,Loyalty Program,Seniors 55+,190488,Seniors 55+,17086,173402,39221,11686,1839,22.62,6.74,29.8,1.06
790,2025-04-02,Sustainability Product Launch,Frequent Buyers 35-50,188029,Frequent Buyers 35-50,12910,175119,50569,12467,9958,28.88,7.12,24.65,5.69
791,2024-04-27,Brand Awareness,Environment Advocates,134542,Environment Advocates,10215,124327,22545,9969,5491,18.13,8.02,44.22,4.42
792,2024-08-05,School Supplies Promo,Previous Customers,110932,Previous Customers,6436,104496,28398,7885,576,27.18,7.55,27.77,0.55
793,2025-04-28,School Supplies Promo,Previous Customers,123217,Previous Customers,9070,114147,23513,8467,6118,20.6,7.42,36.01,5.36
794,2024-10-15,Sustainability Product Launch,Young Professionals 25-40,73579,Young Professionals 25-40,6369,67210,18577,3938,998,27.64,5.86,21.2,1.49
795,2024-11-22,Clearance Sale,Women 25-34,194206,Women 25-34,13916,180290,44928,16648,1136,24.92,9.23,37.05,0.63
796,2024-02-19,Holiday Follow Up,Previous Customers,141510,Previous Customers,9353,132157,36551,9704,1532,27.66,7.34,26.55,1.16
797,2024-04-09,Clearance Sale,Frequent Buyers 35-50,167076,Frequent Buyers 35-50,16284,150792,33089,10112,7196,21.94,6.71,30.56,4.77
798,2024-06-24,Holiday Sales Event,Frequent Buyers 35-50,179164,Frequent Buyers 35-50,14985,164179,25157,6288,6215,15.32,3.83,25.0,3.79
799,2024-10-13,Loyalty Program,Environment Advocates,166382,Environment Advocates,14290,152092,24091,15556,1784,15.84,10.23,64.57,1.17
800,2025-07-02,New Product Launch,Tech Enthusiasts 18-45,123887,Tech Enthusiasts 18-45,11809,112078,27180,9074,2305,24.25,8.1,33.38,2.06
801,2025-01-28,Holiday Follow Up,Young Professionals 25-40,162623,Young Professionals 25-40,10621,152002,43664,5823,6432,28.73,3.83,13.34,4.23
802,2025-01-21,Fitness Gear Promo,Environment Advocates,178493,Environment Advocates,17173,161320,25692,14087,1268,15.93,8.73,54.83,0.79
803,2024-03-15,Brand Awareness,General Audience,50637,General Audience,3374,47263,13109,1491,1299,27.74,3.16,11.37,2.75
804,2024-11-27,Beta Testing Launch,Fitness Enthusiasts 18-40,100359,Fitness Enthusiasts 18-40,8643,91716,25526,8297,6131,27.83,9.05,32.5,6.69
805,2025-06-03,Fitness Gear Promo,Previous Customers,196247,Previous Customers,16422,179825,41929,11044,1435,23.32,6.14,26.34,0.8
806,2024-11-10,New Product Launch,Women 25-34,123394,Women 25-34,6810,116584,23756,13019,4285,20.38,11.17,54.8,3.68
807,2025-07-15,Fitness Gear Promo,Young Adults 20-30,87075,Young Adults 20-30,4517,82558,15127,5966,4310,18.32,7.23,39.44,5.22
808,2024-06-05,Seasonal Discount,Seniors 55+,100964,Seniors 55+,7256,93708,27721,7322,6483,29.58,7.81,26.41,6.92
809,2025-01-30,Fitness Gear Promo,Shopaholics 25-44,126929,Shopaholics 25-44,9019,117910,31011,4073,1234,26.3,3.45,13.13,1.05
810,2024-11-10,Loyalty Program,Young Adults 20-30,135196,Young Adults 20-30,9680,125516,29309,9078,4533,23.35,7.23,30.97,3.61
811,2024-08-17,Holiday Sales Event,Young Adults 20-30,81663,Young Adults 20-30,6673,74990,15095,6042,1923,20.13,8.06,40.03,2.57
812,2024-02-26,Beta Testing Launch,Seniors 55+,91325,Seniors 55+,5850,85475,13820,4998,1538,16.17,5.85,36.16,1.8
813,2025-04-02,New Product Launch,Young Professionals 25-40,197239,Young Professionals 25-40,15691,181548,34999,8114,8089,19.28,4.47,23.18,4.46
814,2025-02-12,Sustainability Product Launch,Frequent Buyers 35-50,160193,Frequent Buyers 35-50,12503,147690,35746,8449,9694,24.2,5.72,23.64,6.56
815,2025-05-28,Loyalty Program,Fitness Enthusiasts 18-40,79667,Fitness Enthusiasts 18-40,5779,73888,21353,3425,2532,28.9,4.64,16.04,3.43
816,2025-05-07,Holiday Follow Up,Young Adults 20-30,139938,Young Adults 20-30,8047,131891,36362,5048,4759,27.57,3.83,13.88,3.61
817,2024-02-28,Holiday Sales Event,Young Adults 20-30,60502,Young Adults 20-30,3753,56749,14836,5516,2154,26.14,9.72,37.18,3.8
818,2024-05-07,Holiday Sales Event,Shopaholics 25-44,192202,Shopaholics 25-44,10398,181804,36639,10187,8139,20.15,5.6,27.8,4.48
819,2024-10-13,Loyalty Program,Young Professionals 25-40,52273,Young Professionals 25-40,4989,47284,8209,2324,1930,17.36,4.92,28.31,4.08
820,2024-08-30,Major Shopping Event,Fitness Enthusiasts 18-40,162988,Fitness Enthusiasts 18-40,10462,152526,24487,14176,7867,16.05,9.29,57.89,5.16
821,2025-03-15,Seasonal Discount,Parents 30-50,88570,Parents 30-50,5236,83334,21059,9827,2891,25.27,11.79,46.66,3.47
822,2024-09-30,School Supplies Promo,Parents 30-50,94081,Parents 30-50,6750,87331,22297,6767,794,25.53,7.75,30.35,0.91
823,2025-02-24,Holiday Follow Up,Frequent Buyers 35-50,55388,Frequent Buyers 35-50,4608,50780,13593,4119,3339,26.77,8.11,30.3,6.58
824,2024-02-25,Loyalty Program,Seniors 55+,69661,Seniors 55+,3965,65696,19170,5366,472,29.18,8.17,27.99,0.72
825,2025-03-18,Sustainability Product Launch,Tech Enthusiasts 18-45,199601,Tech Enthusiasts 18-45,17400,182201,51433,10700,8314,28.23,5.87,20.8,4.56
826,2025-01-14,New Product Launch,Seniors 55+,181816,Seniors 55+,12805,169011,32956,12818,7009,19.5,7.58,38.89,4.15
827,2025-07-09,Seasonal Discount,Shopaholics 25-44,62433,Shopaholics 25-44,3921,58512,11507,4150,3235,19.67,7.09,36.07,5.53
828,2024-02-24,Loyalty Program,Fitness Enthusiasts 18-40,96969,Fitness Enthusiasts 18-40,7255,89714,21528,9120,4898,24.0,10.17,42.36,5.46
829,2025-01-22,Beta Testing Launch,Young Adults 20-30,191771,Young Adults 20-30,10272,181499,41716,13173,11866,22.98,7.26,31.58,6.54
830,2024-07-25,Seasonal Discount,Previous Customers,123242,Previous Customers,7170,116072,33631,10880,5841,28.97,9.37,32.35,5.03
831,2025-04-19,School Supplies Promo,Women 25-34,111891,Women 25-34,5681,106210,16169,10971,6642,15.22,10.33,67.85,6.25
832,2025-04-18,Loyalty Program,Environment Advocates,112240,Environment Advocates,9207,103033,18094,7158,1254,17.56,6.95,39.56,1.22
833,2024-12-03,New Product Launch,Tech Enthusiasts 18-45,58733,Tech Enthusiasts 18-45,3251,55482,14150,2163,2242,25.5,3.9,15.29,4.04
834,2024-08-24,Clearance Sale,Young Adults 20-30,70438,Young Adults 20-30,4851,65587,16282,6608,4499,24.83,10.08,40.58,6.86
835,2024-06-18,Beta Testing Launch,Seniors 55+,156196,Seniors 55+,12806,143390,35388,16058,4078,24.68,11.2,45.38,2.84
836,2024-12-11,Holiday Follow Up,Seniors 55+,59986,Seniors 55+,5226,54760,11718,2958,2759,21.4,5.4,25.24,5.04
837,2025-02-27,Holiday Sales Event,Previous Customers,124991,Previous Customers,7934,117057,34172,10075,7391,29.19,8.61,29.48,6.31
838,2025-04-03,Holiday Sales Event,Environment Advocates,88512,Environment Advocates,5225,83287,19679,6940,2650,23.63,8.33,35.27,3.18
839,2024-08-11,Brand Awareness,Fitness Enthusiasts 18-40,125165,Fitness Enthusiasts 18-40,10699,114466,20195,5010,6065,17.64,4.38,24.81,5.3
840,2025-04-21,Clearance Sale,Tech Enthusiasts 18-45,144979,Tech Enthusiasts 18-45,13414,131565,23378,14206,6702,17.77,10.8,60.77,5.09
841,2025-01-15,Fitness Gear Promo,Shopaholics 25-44,56900,Shopaholics 25-44,5324,51576,11548,5202,1155,22.39,10.09,45.05,2.24
842,2024-05-19,Clearance Sale,Shopaholics 25-44,72674,Shopaholics 25-44,4122,68552,14046,4405,3033,20.49,6.43,31.36,4.42
843,2025-01-15,School Supplies Promo,Previous Customers,135552,Previous Customers,11920,123632,28018,11346,5169,22.66,9.18,40.5,4.18
844,2024-05-06,Beta Testing Launch,General Audience,141921,General Audience,9005,132916,30748,8709,6897,23.13,6.55,28.32,5.19
845,2024-07-11,School Supplies Promo,Parents 30-50,137418,Parents 30-50,9760,127658,21464,12447,1495,16.81,9.75,57.99,1.17
846,2024-05-28,Clearance Sale,Previous Customers,160862,Previous Customers,11316,149546,24805,16371,3755,16.59,10.95,66.0,2.51
847,2024-08-15,Clearance Sale,Parents 30-50,77029,Parents 30-50,7349,69680,18429,7086,4183,26.45,10.17,38.45,6.0
848,2024-02-13,Fitness Gear Promo,Previous Customers,79991,Previous Customers,7068,72923,13304,4479,2628,18.25,6.14,33.67,3.6
849,2024-08-26,Holiday Sales Event,Fitness Enthusiasts 18-40,130050,Fitness Enthusiasts 18-40,10238,119812,21616,5495,8063,18.04,4.59,25.42,6.73
850,2024-12-11,Beta Testing Launch,Young Professionals 25-40,76537,Young Professionals 25-40,4942,71595,19404,3712,4589,27.1,5.18,19.13,6.41
851,2024-04-22,Fitness Gear Promo,General Audience,159683,General Audience,11843,147840,43882,14829,2482,29.68,10.03,33.79,1.68
852,2025-01-09,Sustainability Product Launch,Tech Enthusiasts 18-45,177190,Tech Enthusiasts 18-45,9844,167346,26091,15617,6707,15.59,9.33,59.86,4.01
853,2024-07-21,Holiday Follow Up,Parents 30-50,137426,Parents 30-50,9559,127867,28201,3945,6898,22.06,3.09,13.99,5.4
854,2024-03-19,Sustainability Product Launch,Women 25-34,162636,Women 25-34,14946,147690,33421,10475,2159,22.63,7.09,31.34,1.46
855,2024-08-30,Loyalty Program,Frequent Buyers 35-50,196479,Frequent Buyers 35-50,18035,178444,49592,5751,8031,27.79,3.22,11.6,4.5
856,2025-05-28,Seasonal Discount,Seniors 55+,156011,Seniors 55+,8740,147271,38009,10284,6003,25.81,6.98,27.06,4.08
857,2025-02-21,Loyalty Program,Tech Enthusiasts 18-45,113706,Tech Enthusiasts 18-45,7565,106141,21796,7338,2095,20.54,6.91,33.67,1.97
858,2025-01-18,Holiday Sales Event,Parents 30-50,109923,Parents 30-50,9704,100219,30061,6178,6125,30.0,6.16,20.55,6.11
859,2024-10-13,Holiday Sales Event,Tech Enthusiasts 18-45,84315,Tech Enthusiasts 18-45,6576,77739,20398,6108,2354,26.24,7.86,29.94,3.03
860,2024-02-25,Clearance Sale,Parents 30-50,137929,Parents 30-50,10256,127673,19195,13175,3800,15.04,10.32,68.64,2.98
861,2025-05-21,Fitness Gear Promo,Seniors 55+,166999,Seniors 55+,11409,155590,42779,8852,6957,27.5,5.69,20.69,4.47
862,2024-10-14,Loyalty Program,Tech Enthusiasts 18-45,168568,Tech Enthusiasts 18-45,13096,155472,31550,7810,6722,20.29,5.02,24.75,4.32
863,2024-03-08,Fitness Gear Promo,Frequent Buyers 35-50,199587,Frequent Buyers 35-50,13607,185980,44271,20866,11196,23.8,11.22,47.13,6.02
864,2024-04-10,Major Shopping Event,Young Professionals 25-40,170218,Young Professionals 25-40,13473,156745,35583,8469,9142,22.7,5.4,23.8,5.83
865,2024-02-27,Beta Testing Launch,Fitness Enthusiasts 18-40,59142,Fitness Enthusiasts 18-40,4731,54411,10760,2331,541,19.78,4.28,21.66,1.0
866,2025-07-17,Major Shopping Event,Women 25-34,111832,Women 25-34,7313,104519,16166,3367,5593,15.47,3.22,20.83,5.35
867,2024-11-17,Holiday Follow Up,Seniors 55+,117554,Seniors 55+,6476,111078,22213,4929,3970,20.0,4.44,22.19,3.57
868,2025-01-27,Holiday Sales Event,Fitness Enthusiasts 18-40,130709,Fitness Enthusiasts 18-40,9279,121430,32173,6867,7423,26.5,5.66,21.34,6.11
869,2024-05-13,Loyalty Program,Parents 30-50,134707,Parents 30-50,10520,124187,22116,13990,4335,17.81,11.27,63.26,3.49
870,2025-05-13,Holiday Follow Up,Shopaholics 25-44,148681,Shopaholics 25-44,8513,140168,21875,15024,5027,15.61,10.72,68.68,3.59
871,2024-04-30,Clearance Sale,Women 25-34,117558,Women 25-34,7073,110485,18093,6922,5377,16.38,6.27,38.26,4.87
872,2025-03-11,Fitness Gear Promo,Previous Customers,87705,Previous Customers,5238,82467,14572,3155,1303,17.67,3.83,21.65,1.58
873,2024-02-13,Major Shopping Event,Environment Advocates,148198,Environment Advocates,13352,134846,34365,13740,4152,25.49,10.19,39.98,3.08
874,2024-09-02,Beta Testing Launch,Young Professionals 25-40,109994,Young Professionals 25-40,8369,101625,29060,7393,3206,28.6,7.28,25.44,3.15
875,2024-09-19,Brand Awareness,Frequent Buyers 35-50,112423,Frequent Buyers 35-50,8075,104348,31186,6815,1647,29.89,6.53,21.85,1.58
876,2024-03-13,Holiday Follow Up,General Audience,152470,General Audience,10528,141942,21633,10458,8534,15.24,7.37,48.34,6.01
877,2024-09-17,Brand Awareness,Environment Advocates,127976,Environment Advocates,12053,115923,26980,3763,5106,23.27,3.25,13.95,4.41
878,2024-04-20,Fitness Gear Promo,Seniors 55+,132441,Seniors 55+,13175,119266,18711,6655,2609,15.69,5.58,35.57,2.19
879,2024-11-07,Loyalty Program,General Audience,53635,General Audience,4958,48677,13757,3593,826,28.26,7.38,26.12,1.7
880,2024-03-01,Fitness Gear Promo,Seniors 55+,89306,Seniors 55+,8816,80490,19430,4644,892,24.14,5.77,23.9,1.11
881,2025-01-14,Holiday Sales Event,Young Professionals 25-40,141075,Young Professionals 25-40,7865,133210,34867,14954,8534,26.17,11.23,42.89,6.41
882,2025-04-09,Sustainability Product Launch,Young Adults 20-30,142627,Young Adults 20-30,9185,133442,31994,8464,6296,23.98,6.34,26.45,4.72
883,2025-03-21,Beta Testing Launch,Women 25-34,74268,Women 25-34,4603,69665,20855,4009,2959,29.94,5.76,19.22,4.25
884,2024-05-14,School Supplies Promo,Tech Enthusiasts 18-45,177805,Tech Enthusiasts 18-45,12556,165249,48254,12543,8811,29.2,7.59,25.99,5.33
885,2024-10-04,Holiday Sales Event,Young Professionals 25-40,169207,Young Professionals 25-40,16633,152574,27782,5991,6208,18.21,3.93,21.56,4.07
886,2024-09-09,Holiday Follow Up,Frequent Buyers 35-50,170574,Frequent Buyers 35-50,12555,158019,39103,6005,5496,24.75,3.8,15.36,3.48
887,2024-11-05,Clearance Sale,Shopaholics 25-44,58711,Shopaholics 25-44,5841,52870,13878,4737,883,26.25,8.96,34.13,1.67
888,2025-07-09,Loyalty Program,Environment Advocates,74161,Environment Advocates,7104,67057,20041,2421,3067,29.89,3.61,12.08,4.57
889,2025-01-09,Major Shopping Event,Parents 30-50,67747,Parents 30-50,5721,62026,16782,3742,2763,27.06,6.03,22.3,4.46
890,2025-07-25,Holiday Follow Up,Environment Advocates,166850,Environment Advocates,16164,150686,40769,13383,1764,27.06,8.88,32.83,1.17
891,2024-06-10,Brand Awareness,Seniors 55+,181112,Seniors 55+,10635,170477,48318,10891,11132,28.34,6.39,22.54,6.53
892,2025-02-03,Brand Awareness,Fitness Enthusiasts 18-40,193846,Fitness Enthusiasts 18-40,16440,177406,27705,13901,11271,15.62,7.84,50.18,6.35
893,2025-03-23,Major Shopping Event,Environment Advocates,177207,Environment Advocates,12871,164336,32927,6339,4242,20.04,3.86,19.25,2.58
894,2025-06-23,Major Shopping Event,Women 25-34,158713,Women 25-34,10648,148065,30614,8748,3732,20.68,5.91,28.58,2.52
895,2024-10-24,Fitness Gear Promo,Women 25-34,166135,Women 25-34,8536,157599,42336,14779,4071,26.86,9.38,34.91,2.58
896,2024-03-20,Holiday Sales Event,Tech Enthusiasts 18-45,126692,Tech Enthusiasts 18-45,9124,117568,26600,11548,7385,22.63,9.82,43.41,6.28
897,2025-04-12,School Supplies Promo,Environment Advocates,143545,Environment Advocates,8615,134930,35593,5822,2989,26.38,4.32,16.36,2.22
898,2024-03-19,Clearance Sale,Parents 30-50,129987,Parents 30-50,11834,118153,29369,10971,4805,24.86,9.29,37.36,4.07
899,2024-05-30,Beta Testing Launch,Young Professionals 25-40,136426,Young Professionals 25-40,7193,129233,23211,10978,4368,17.96,8.5,47.3,3.38
900,2024-11-28,Sustainability Product Launch,Environment Advocates,65074,Environment Advocates,3965,61109,11374,5445,4001,18.61,8.91,47.87,6.55
901,2024-06-05,Loyalty Program,Seniors 55+,128685,Seniors 55+,8079,120606,25165,4382,8270,20.87,3.63,17.41,6.86
902,2025-06-18,Brand Awareness,Women 25-34,75659,Women 25-34,7497,68162,19474,2512,2070,28.57,3.69,12.9,3.04
903,2024-06-05,Loyalty Program,Environment Advocates,136075,Environment Advocates,8511,127564,36888,11859,8493,28.92,9.3,32.15,6.66
904,2025-04-05,Brand Awareness,Parents 30-50,111583,Parents 30-50,7556,104027,19024,7950,6651,18.29,7.64,41.79,6.39
905,2024-09-19,Brand Awareness,General Audience,71513,General Audience,4154,67359,16947,5816,3486,25.16,8.63,34.32,5.18
906,2024-01-29,Brand Awareness,Environment Advocates,152910,Environment Advocates,9057,143853,24452,4542,7940,17.0,3.16,18.58,5.52
907,2024-09-03,Brand Awareness,Young Adults 20-30,97335,Young Adults 20-30,6605,90730,26791,2746,5654,29.53,3.03,10.25,6.23
908,2024-02-03,Holiday Follow Up,Tech Enthusiasts 18-45,132241,Tech Enthusiasts 18-45,9799,122442,25112,9274,5923,20.51,7.57,36.93,4.84
909,2024-11-14,School Supplies Promo,Seniors 55+,93772,Seniors 55+,8047,85725,20476,7111,2896,23.89,8.3,34.73,3.38
910,2024-06-02,Seasonal Discount,Previous Customers,137033,Previous Customers,7298,129735,19963,5995,1564,15.39,4.62,30.03,1.21
911,2024-10-17,School Supplies Promo,Environment Advocates,58041,Environment Advocates,4496,53545,11081,5662,3209,20.7,10.58,51.1,5.99
912,2024-03-12,Major Shopping Event,Tech Enthusiasts 18-45,157431,Tech Enthusiasts 18-45,14724,142707,36354,6982,5702,25.47,4.89,19.21,4.0
913,2025-06-03,Seasonal Discount,Previous Customers,56209,Previous Customers,2848,53361,9483,4509,929,17.77,8.45,47.55,1.74
914,2025-05-12,Loyalty Program,Young Adults 20-30,50854,Young Adults 20-30,3815,47039,13058,2882,1882,27.76,6.13,22.07,4.0
915,2025-03-29,Clearance Sale,Environment Advocates,198505,Environment Advocates,17966,180539,41809,10639,6005,23.16,5.89,25.45,3.33
916,2024-04-02,Holiday Sales Event,Parents 30-50,145592,Parents 30-50,7649,137943,27247,8352,9076,19.75,6.06,30.65,6.58
917,2025-07-05,Sustainability Product Launch,General Audience,149813,General Audience,9316,140497,22818,15050,2171,16.24,10.71,65.96,1.55
918,2025-02-11,School Supplies Promo,Seniors 55+,108293,Seniors 55+,10228,98065,23172,9426,3962,23.63,9.61,40.68,4.04
919,2024-01-28,Loyalty Program,Frequent Buyers 35-50,122506,Frequent Buyers 35-50,7151,115355,22755,5941,3939,19.73,5.15,26.11,3.42
920,2024-06-22,Seasonal Discount,Environment Advocates,75204,Environment Advocates,6411,68793,11526,3252,3006,16.76,4.73,28.21,4.37
921,2024-02-22,School Supplies Promo,Frequent Buyers 35-50,118101,Frequent Buyers 35-50,9322,108779,19580,4059,5759,18.0,3.73,20.73,5.29
922,2025-01-04,Major Shopping Event,Tech Enthusiasts 18-45,140824,Tech Enthusiasts 18-45,9475,131349,21196,11285,6054,16.14,8.59,53.24,4.61
923,2024-10-20,Major Shopping Event,Young Professionals 25-40,83235,Young Professionals 25-40,7415,75820,14040,2279,5046,18.52,3.01,16.23,6.66
924,2024-12-24,Major Shopping Event,Seniors 55+,170137,Seniors 55+,10955,159182,28618,15768,9710,17.98,9.91,55.1,6.1
925,2024-07-01,Holiday Follow Up,Women 25-34,72831,Women 25-34,4699,68132,18783,7948,3829,27.57,11.67,42.31,5.62
926,2025-05-23,Clearance Sale,Frequent Buyers 35-50,144119,Frequent Buyers 35-50,12886,131233,30692,4479,4910,23.39,3.41,14.59,3.74
927,2025-01-06,Holiday Sales Event,General Audience,111180,General Audience,7393,103787,22134,10502,5239,21.33,10.12,47.45,5.05
928,2025-05-31,Loyalty Program,Parents 30-50,74869,Parents 30-50,4675,70194,18506,8174,3184,26.36,11.65,44.17,4.54
929,2025-05-22,Seasonal Discount,Women 25-34,165841,Women 25-34,15905,149936,26929,9796,8731,17.96,6.53,36.38,5.82
930,2024-03-24,Fitness Gear Promo,General Audience,76644,General Audience,5267,71377,18111,7958,751,25.37,11.15,43.94,1.05
931,2024-12-05,Holiday Follow Up,General Audience,105029,General Audience,7499,97530,21468,7183,1230,22.01,7.37,33.46,1.26
932,2025-06-08,Seasonal Discount,Environment Advocates,105989,Environment Advocates,5575,100414,22538,7828,5905,22.45,7.8,34.73,5.88
933,2025-01-11,Seasonal Discount,Young Adults 20-30,149929,Young Adults 20-30,11610,138319,36437,16537,5899,26.34,11.96,45.39,4.27
934,2024-08-07,Brand Awareness,Environment Advocates,53705,Environment Advocates,5323,48382,11225,3338,2062,23.2,6.9,29.74,4.26
935,2024-08-23,Sustainability Product Launch,Parents 30-50,162642,Parents 30-50,14362,148280,23672,11228,1246,15.96,7.57,47.43,0.84
936,2025-02-24,Brand Awareness,Seniors 55+,142617,Seniors 55+,9925,132692,26678,5846,7777,20.11,4.41,21.91,5.86
937,2025-02-19,New Product Launch,Parents 30-50,109775,Parents 30-50,6145,103630,28525,5623,969,27.53,5.43,19.71,0.94
938,2024-02-04,Loyalty Program,Parents 30-50,85865,Parents 30-50,5336,80529,20496,3612,5043,25.45,4.49,17.62,6.26
939,2025-02-11,Clearance Sale,Tech Enthusiasts 18-45,196173,Tech Enthusiasts 18-45,18414,177759,51173,17115,11905,28.79,9.63,33.45,6.7
940,2024-04-05,Major Shopping Event,Parents 30-50,82167,Parents 30-50,7024,75143,14930,2290,4771,19.87,3.05,15.34,6.35
941,2024-06-05,Holiday Sales Event,Frequent Buyers 35-50,181753,Frequent Buyers 35-50,11936,169817,43538,20137,3604,25.64,11.86,46.25,2.12
942,2025-04-01,Loyalty Program,Previous Customers,55553,Previous Customers,2881,52672,14859,3670,2201,28.21,6.97,24.7,4.18
943,2025-06-26,Holiday Follow Up,Women 25-34,180218,Women 25-34,9577,170641,34149,20097,2419,20.01,11.78,58.85,1.42
944,2024-02-06,Brand Awareness,Young Adults 20-30,103291,Young Adults 20-30,6009,97282,18031,9570,5261,18.54,9.84,53.08,5.41
945,2025-01-17,Fitness Gear Promo,Environment Advocates,186859,Environment Advocates,11231,175628,41404,13229,7111,23.58,7.53,31.95,4.05
946,2025-07-07,Clearance Sale,Young Adults 20-30,186921,Young Adults 20-30,10350,176571,37864,7225,11486,21.44,4.09,19.08,6.51
947,2025-02-04,Beta Testing Launch,Previous Customers,170591,Previous Customers,16052,154539,41362,9611,10523,26.77,6.22,23.24,6.81
948,2024-05-03,New Product Launch,Young Adults 20-30,130705,Young Adults 20-30,11975,118730,18218,3665,6079,15.34,3.09,20.12,5.12
949,2024-11-13,Major Shopping Event,Fitness Enthusiasts 18-40,62972,Fitness Enthusiasts 18-40,4473,58499,11611,3380,1563,19.85,5.78,29.11,2.67
950,2024-04-29,Brand Awareness,Environment Advocates,111554,Environment Advocates,7244,104310,15844,10212,5218,15.19,9.79,64.45,5.0
951,2025-05-17,Sustainability Product Launch,Environment Advocates,97873,Environment Advocates,6331,91542,17942,5190,4340,19.6,5.67,28.93,4.74
952,2024-12-14,Seasonal Discount,Women 25-34,120373,Women 25-34,9215,111158,22080,8581,1071,19.86,7.72,38.86,0.96
953,2024-11-29,Brand Awareness,Fitness Enthusiasts 18-40,94954,Fitness Enthusiasts 18-40,6444,88510,24647,4170,2206,27.85,4.71,16.92,2.49
954,2025-05-12,Loyalty Program,Parents 30-50,170718,Parents 30-50,8844,161874,35544,9686,2675,21.96,5.98,27.25,1.65
955,2024-05-13,Clearance Sale,Shopaholics 25-44,110002,Shopaholics 25-44,6532,103470,30287,10111,6531,29.27,9.77,33.38,6.31
956,2025-04-02,Clearance Sale,Tech Enthusiasts 18-45,78317,Tech Enthusiasts 18-45,6341,71976,12456,2284,4404,17.31,3.17,18.34,6.12
957,2024-04-19,Holiday Sales Event,Tech Enthusiasts 18-45,106287,Tech Enthusiasts 18-45,7255,99032,21480,4935,6861,21.69,4.98,22.97,6.93
958,2024-07-22,Holiday Sales Event,General Audience,171048,General Audience,9287,161761,27655,5394,7534,17.1,3.33,19.5,4.66
959,2024-03-08,Beta Testing Launch,Fitness Enthusiasts 18-40,74661,Fitness Enthusiasts 18-40,6366,68295,19526,4777,2817,28.59,6.99,24.46,4.13
960,2025-02-03,Holiday Follow Up,Previous Customers,175561,Previous Customers,16298,159263,25006,18039,9144,15.7,11.33,72.14,5.74
961,2025-01-06,Brand Awareness,Previous Customers,188399,Previous Customers,15254,173145,38593,11969,2133,22.29,6.91,31.01,1.23
962,2025-07-14,Loyalty Program,Previous Customers,79020,Previous Customers,7649,71371,13194,7873,4987,18.49,11.03,59.67,6.99
963,2024-06-07,Fitness Gear Promo,Tech Enthusiasts 18-45,52587,Tech Enthusiasts 18-45,4869,47718,12524,2705,3123,26.25,5.67,21.6,6.55
964,2024-11-16,School Supplies Promo,Parents 30-50,144942,Parents 30-50,11279,133663,39443,9187,4545,29.51,6.87,23.29,3.4
965,2025-03-06,Holiday Sales Event,Seniors 55+,196497,Seniors 55+,13516,182981,50255,21454,8581,27.47,11.73,42.69,4.69
966,2025-01-24,Clearance Sale,Tech Enthusiasts 18-45,147049,Tech Enthusiasts 18-45,14672,132377,34205,13091,7860,25.84,9.89,38.27,5.94
967,2024-08-08,Major Shopping Event,Seniors 55+,118349,Seniors 55+,7162,111187,30794,8650,1116,27.7,7.78,28.09,1.0
968,2024-10-04,Beta Testing Launch,Tech Enthusiasts 18-45,105474,Tech Enthusiasts 18-45,7413,98061,19283,9434,758,19.66,9.62,48.92,0.77
969,2024-05-23,School Supplies Promo,Parents 30-50,116675,Parents 30-50,7519,109156,22333,4715,2361,20.46,4.32,21.11,2.16
970,2025-05-28,Sustainability Product Launch,Young Adults 20-30,65947,Young Adults 20-30,4744,61203,17394,2946,463,28.42,4.81,16.94,0.76
971,2024-12-03,Clearance Sale,Seniors 55+,130669,Seniors 55+,12433,118236,30211,12587,5464,25.55,10.65,41.66,4.62
972,2024-12-24,Brand Awareness,Fitness Enthusiasts 18-40,198438,Fitness Enthusiasts 18-40,10029,188409,46003,9004,5429,24.42,4.78,19.57,2.88
973,2025-01-05,Major Shopping Event,Frequent Buyers 35-50,199975,Frequent Buyers 35-50,10905,189070,47924,17977,11220,25.35,9.51,37.51,5.93
974,2024-10-12,Fitness Gear Promo,General Audience,106435,General Audience,9198,97237,26668,8021,1872,27.43,8.25,30.08,1.93
975,2025-01-26,Holiday Sales Event,Fitness Enthusiasts 18-40,186596,Fitness Enthusiasts 18-40,18445,168151,41167,16714,2315,24.48,9.94,40.6,1.38
976,2024-11-05,Fitness Gear Promo,Women 25-34,139022,Women 25-34,13654,125368,22677,6320,7614,18.09,5.04,27.87,6.07
977,2024-05-19,Holiday Follow Up,Seniors 55+,56507,Seniors 55+,5098,51409,7872,5885,2450,15.31,11.45,74.76,4.77
978,2025-04-08,Seasonal Discount,Previous Customers,159038,Previous Customers,8434,150604,33305,6327,5280,22.11,4.2,19.0,3.51
979,2025-02-02,Fitness Gear Promo,Parents 30-50,166780,Parents 30-50,16382,150398,34457,9499,3965,22.91,6.32,27.57,2.64
980,2025-02-15,Brand Awareness,General Audience,99972,General Audience,6618,93354,27935,9866,3754,29.92,10.57,35.32,4.02
981,2024-11-05,Loyalty Program,Fitness Enthusiasts 18-40,176860,Fitness Enthusiasts 18-40,15503,161357,39858,14325,6734,24.7,8.88,35.94,4.17
982,2025-01-25,School Supplies Promo,Young Professionals 25-40,60550,Young Professionals 25-40,4465,56085,15317,5976,2361,27.31,10.66,39.02,4.21
983,2024-03-06,Sustainability Product Launch,Seniors 55+,56165,Seniors 55+,4389,51776,12176,5251,2615,23.52,10.14,43.13,5.05
984,2024-09-11,New Product Launch,Parents 30-50,58177,Parents 30-50,5410,52767,15155,5651,2322,28.72,10.71,37.29,4.4
985,2024-10-19,Brand Awareness,Young Professionals 25-40,195746,Young Professionals 25-40,16286,179460,46402,6234,5969,25.86,3.47,13.43,3.33
986,2024-06-21,School Supplies Promo,Young Adults 20-30,194338,Young Adults 20-30,9947,184391,39015,14152,6891,21.16,7.68,36.27,3.74
987,2025-02-28,Major Shopping Event,Women 25-34,85558,Women 25-34,7972,77586,14276,7793,3080,18.4,10.05,54.59,3.97
988,2024-07-11,Beta Testing Launch,Women 25-34,118030,Women 25-34,7467,110563,21531,12442,5118,19.47,11.25,57.79,4.63
989,2025-03-24,Fitness Gear Promo,Parents 30-50,197898,Parents 30-50,16320,181578,35159,13885,10733,19.36,7.65,39.49,5.91
990,2024-04-13,Loyalty Program,Young Professionals 25-40,182935,Young Professionals 25-40,15908,167027,35328,13993,1632,21.15,8.38,39.61,0.98
991,2024-10-10,Holiday Follow Up,Fitness Enthusiasts 18-40,145222,Fitness Enthusiasts 18-40,8419,136803,40833,10936,4336,29.85,7.99,26.78,3.17
992,2024-06-20,Holiday Follow Up,Tech Enthusiasts 18-45,153376,Tech Enthusiasts 18-45,11973,141403,28146,12537,3838,19.91,8.87,44.54,2.71
993,2024-07-22,School Supplies Promo,Parents 30-50,182447,Parents 30-50,10740,171707,42898,12192,3326,24.98,7.1,28.42,1.94
994,2024-02-21,Brand Awareness,Shopaholics 25-44,99416,Shopaholics 25-44,8081,91335,14915,3330,2224,16.33,3.65,22.33,2.44
995,2024-11-10,Seasonal Discount,Previous Customers,168120,Previous Customers,10067,158053,40184,6820,2982,25.42,4.32,16.97,1.89
996,2025-03-29,New Product Launch,Frequent Buyers 35-50,68249,Frequent Buyers 35-50,6277,61972,15711,5922,2809,25.35,9.56,37.69,4.53
997,2025-07-16,Beta Testing Launch,Previous Customers,109225,Previous Customers,7140,102085,15946,7571,3663,15.62,7.42,47.48,3.59
998,2024-12-12,Holiday Sales Event,Tech Enthusiasts 18-45,120034,Tech Enthusiasts 18-45,11869,108165,23872,3945,7309,22.07,3.65,16.53,6.76
999,2024-09-27,Holiday Sales Event,Young Adults 20-30,114631,Young Adults 20-30,7989,106642,26023,6111,4924,24.4,5.73,23.48,4.62
1000,2024-02-03,Brand Awareness,Fitness Enthusiasts 18-40,84925,Fitness Enthusiasts 18-40,5302,79623,16130,8274,1171,20.26,10.39,51.3,1.47
